kind,id,title,views,updated,primary_job,primary_subjob,secondary,stages,content_type,outdated,outdated_reason,why,url
post,4575894,COVID19 Vaccine Policy Webinar,86,2022-01-12,Archive,COVID-era guidance,"Safety, health, and compliance policies; Employee handbooks and HR policies",startup; open,training,True,COVID-era vaccine policy webinar from January 2022.,"COVID-era training on vaccine policies, family communication, and confidential documentation.",https://connected.wildflowerschools.org/posts/4575894-covid19-vaccine-policy-webinar
post,4770346,COVID19 Guidance & Policy Example from Magnolia Blossom 2022-23,49,2022-08-03,Archive,COVID-era guidance,"Family handbooks; Safety, health, and compliance policies",startup; open,example,True,COVID-era guidance from the 2022–23 school year has been superseded by current health and safety guidance.,Example COVID policy addendum to a family handbook.,https://connected.wildflowerschools.org/posts/4770346-covid19-guidance-policy-example-from-magnolia-blossom-2022-23
post,4575905,COVID19 Vaccination Policy Letter to Families Template,35,2022-01-11,Archive,COVID-era guidance,"Family communications (accepted, waitlist, re-enrollment); Safety, health, and compliance policies",startup; open,template,True,COVID-era vaccine policy template from January 2022.,Template letter for communicating a COVID-19 vaccination policy to families.,https://connected.wildflowerschools.org/posts/4575905-covid19-vaccination-policy-letter-to-families-template
post,4575901,COVID19 Vaccine Policy Template,28,2022-01-11,Archive,COVID-era guidance,"Safety, health, and compliance policies",startup; open,template,True,COVID-era vaccine policy template from January 2022.,Template for creating a school COVID-19 vaccination policy.,https://connected.wildflowerschools.org/posts/4575901-covid19-vaccine-policy-template
post,4575396,COVID19: Frequently Asked Questions January 2022,24,2022-01-11,Archive,COVID-era guidance,"Safety, health, and compliance policies",startup; open,guide,True,COVID-era guidance from January 2022 has been superseded by newer public-health guidance.,"COVID-era FAQ on testing, masking, and safely returning to school.",https://connected.wildflowerschools.org/posts/4575396-covid19-frequently-asked-questions-january-2022
post,4566929,"A Care Package for Uncertain Times: Meditations, Practical Guidance, Podcasts, and Inspirations",17,2022-02-22,Archive,COVID-era guidance,Radical transparency and wholeness,open,guide,True,COVID-era wellness resources compiled during the pandemic.,"Collection of meditations, daily practices, and podcasts for navigating pandemic-related uncertainty.",https://connected.wildflowerschools.org/posts/4566929-a-care-package-for-uncertain-times-meditations-practical-guidance-podcasts-and-
post,4678524,Article: This Newark Educator Is Removing Barriers To Outdoor Play and the Montessori Method for Black Children,104,2022-04-28,Archive,Wildflower in the news,,discovery; visioning,news,False,,News article about a Wildflower educator and the launch of Honeypot Montessori.,https://connected.wildflowerschools.org/posts/4678524-article-this-newark-educator-is-removing-barriers-to-outdoor-play-and-the-monte
post,4652215,"Article: 3 Minutes with Wildflower Foundation Chief Matt Kramer: Montessori, Microschools, TFA and Teachers as Leaders",50,2022-03-30,Archive,Wildflower in the news,The principles and purpose,discovery; visioning,news,False,,Press Q&A offering a quick primer on Wildflower’s Montessori microschool model and teacher leadership.,https://connected.wildflowerschools.org/posts/4652215-article-3-minutes-with-wildflower-foundation-chief-matt-kramer-montessori-micro
post,4588110,News Article: Crystal Injo presents an Interview with The Dahlia School of San Francisco,32,2022-02-22,Archive,Wildflower in the news,,open,news,False,,News interview and video walkthrough featuring The Dahlia School of San Francisco on its opening day.,https://connected.wildflowerschools.org/posts/4588110-news-article-crystal-injo-presents-an-interview-with-the-dahlia-school-of-san-f
post,4588144,News Article:  Maya Soriano: Creating Equity in Early Childhood Education,25,2022-02-22,Archive,Wildflower in the news,,discovery; visioning; planning; startup; open,news,False,,Profile of Wildflower partner Maya Soriano and Lirio’s early childhood equity work.,https://connected.wildflowerschools.org/posts/4588144-news-article-maya-soriano-creating-equity-in-early-childhood-education
post,4652265,Article: Wildflower Schools bloom amid discontent with education,21,2022-03-31,Archive,Wildflower in the news,The principles and purpose,discovery,news,False,,2017 Boston Globe coverage describing the origins of the Wildflower network.,https://connected.wildflowerschools.org/posts/4652265-article-wildflower-schools-bloom-amid-discontent-with-education
post,4652231,Article: Wildflower Schools are growing and spreading,20,2022-03-30,Archive,Wildflower in the news,,discovery; visioning; planning; startup; open,news,True,This is a 2019 news article and a dated snapshot of Wildflower's growth.,Montessori Public article covering Wildflower Schools' growth and expansion.,https://connected.wildflowerschools.org/posts/4652231-article-wildflower-schools-are-growing-and-spreading
post,4652252,"Article: Montessori was the original personalized learning. Now, 100 years later, Wildflower is reinventing the model",20,2022-03-31,Archive,Wildflower in the news,The principles and purpose,discovery; visioning,news,False,,2018 news article profiling Wildflower’s origins and Montessori model.,https://connected.wildflowerschools.org/posts/4652252-article-montessori-was-the-original-personalized-learning-now-100-years-later-w
post,4652238,Article: 7 Ways Microschools Help Communities Innovate ,14,2022-03-31,Archive,Wildflower in the news,,discovery; visioning,news,True,A 2019 press article and past coverage snapshot.,Forbes article highlighting microschools and Wildflower as an example.,https://connected.wildflowerschools.org/posts/4652238-article-7-ways-microschools-help-communities-innovate
post,4578423,Podcast: A conversation with the DC Wildflower Public Charter School Leadership Team (Public Montessori in Action),13,2022-02-22,Archive,Wildflower in the news,Charter-specific compliance; How the School Startup Journey works,discovery; visioning; planning; startup; open,news,True,This is a dated 2021 media feature and is preserved as an archival news item.,Podcast feature about a Wildflower public charter school leadership team and Montessori practice.,https://connected.wildflowerschools.org/posts/4578423-podcast-a-conversation-with-the-dc-wildflower-public-charter-school-leadership-
post,4588123,News Article: Montevideo takes on the challenge of providing quality child care as Montessori school looks to expand,12,2022-02-22,Archive,Wildflower in the news,,discovery; visioning; planning; startup; open,news,False,,"May 2021 news profile of Wildwood Montessori’s expansion and child care efforts in Montevideo, Minnesota.",https://connected.wildflowerschools.org/posts/4588123-news-article-montevideo-takes-on-the-challenge-of-providing-quality-child-care-
post,4652256,Article: Kid-tracking sensors may not be the wildest thing about this Montessori model,12,2022-03-31,Archive,Wildflower in the news,The principles and purpose,discovery; visioning,news,False,,2018 EdSurge article covering Wildflower’s Montessori model and observation technology project.,https://connected.wildflowerschools.org/posts/4652256-article-kid-tracking-sensors-may-not-be-the-wildest-thing-about-this-montessori
post,4588146,News Article: Royce-Diop ’07 a champion for racial equity in education,9,2022-02-22,Archive,Wildflower in the news,"Liberation, equity, and anti-bias work",open,news,True,This is a dated February 2021 news profile and is preserved as an archived press item.,News profile of Wildflower partner Brandon Royce-Diop focused on racial equity in education.,https://connected.wildflowerschools.org/posts/4588146-news-article-royce-diop-07-a-champion-for-racial-equity-in-education
post,4652229,Article: The Montessori schools embracing kid-tracking devices,9,2022-03-30,Archive,Wildflower in the news,,discovery; visioning; planning; startup; open,news,False,,Quartz profile about Wildflower’s Montessori sensor research and its potential classroom applications.,https://connected.wildflowerschools.org/posts/4652229-article-the-montessori-schools-embracing-kid-tracking-devices
post,4588104,News Article: Snowdrop Montessori School opens in Gerson Building,8,2022-02-22,Archive,Wildflower in the news,,discovery; visioning; planning; startup; open,news,False,,"News coverage of Snowdrop Montessori School opening in Haverhill, Massachusetts.",https://connected.wildflowerschools.org/posts/4588104-news-article-snowdrop-montessori-school-opens-in-gerson-building
post,4588151,Podcast: Interview with Cosmos TL Veronica Vital on the Class Disrupted Podcast,6,2022-02-22,Archive,Wildflower in the news,,discovery; visioning; planning; startup; open,news,False,,Podcast interview featuring a Wildflower teacher leader and school experience.,https://connected.wildflowerschools.org/posts/4588151-podcast-interview-with-cosmos-tl-veronica-vital-on-the-class-disrupted-podcast
post,4652217,Article: Schools are collecting new data in new ways about students with cutting-edge high tech,6,2022-03-30,Archive,Wildflower in the news,Transparent Classroom,open,news,False,,News article covering Wildflower’s use of sensor technology to observe students.,https://connected.wildflowerschools.org/posts/4652217-article-schools-are-collecting-new-data-in-new-ways-about-students-with-cutting
post,4652212,Article: 5 Top Takeaways from Catalyzing Connections: Promise Venture's Latest Entrepreneur Showcase,6,2022-03-30,Archive,Wildflower in the news,,discovery; visioning; planning; startup; open,news,False,,News article highlighting Wildflower in an early childhood education showcase.,https://connected.wildflowerschools.org/posts/4652212-article-5-top-takeaways-from-catalyzing-connections-promise-venture-s-latest-en
post,4652192,The Child Care Crisis: Innovations to the Rescue,6,2022-03-30,Archive,Wildflower in the news,,discovery; visioning; planning; startup; open,news,False,,News article highlighting Wildflower among innovative childcare models.,https://connected.wildflowerschools.org/posts/4652192-the-child-care-crisis-innovations-to-the-rescue
post,4652241,Article: School Disruption on the Small Scale,6,2022-03-31,Archive,Wildflower in the news,The principles and purpose,discovery; visioning,news,False,,"News article examining Wildflower’s microschool model, impact, and potential to scale.",https://connected.wildflowerschools.org/posts/4652241-article-school-disruption-on-the-small-scale
post,4433938,Wildflower Ways of Working,48,2021-08-27,Archive,"Past gatherings, session notes, and dated reports",Self-management learning series; The advice process,discovery; visioning; planning; startup; open,training,True,Recording and materials from a 2020 Emerging Teacher Leader gathering are a dated past session.,Recording and presentation on decision-making and ways of working in Wildflower schools.,https://connected.wildflowerschools.org/posts/4433938-wildflower-ways-of-working
post,4499293,Wildflower Seedlings: Class of 2020-2021,23,2022-01-13,Archive,"Past gatherings, session notes, and dated reports",,open,other,True,A yearbook documenting the past 2020–2021 school year.,Yearbook documenting the Wildflower Seedlings class of 2020–2021.,https://connected.wildflowerschools.org/posts/4499293-wildflower-seedlings-class-of-2020-2021
post,5037983,Board Accountabilities Tracker (Worksheet),93,2023-04-18,Build and run your board,"Board health, reflection, and training","Meetings: agendas, minutes, notice, first four meetings; Board policies (conflict of interest, nepotism, whistleblower, retention)",planning; startup; open,template,False,,"Worksheet for tracking board member accountabilities, officer roles, and responsibilities.",https://connected.wildflowerschools.org/posts/5037983-board-accountabilities-tracker-worksheet
post,4595154,Minnesota Wildflower Montessori School (MWMS): Board Training,81,2022-02-22,Build and run your board,"Board health, reflection, and training",Charter-specific compliance,planning; startup; open,training,False,,Overview of required Minnesota charter board training and Wildflower board orientation.,https://connected.wildflowerschools.org/posts/4595154-minnesota-wildflower-montessori-school-mwms-board-training
post,4813554,Month 1: Wildflower Charter Board Mini-Series,55,2022-09-21,Build and run your board,"Board health, reflection, and training",Charter-specific compliance; Using Connected and Slack,discovery; planning; open,training,False,,"Monthly training series introducing Wildflower charter boards to board development, Connected, and discovery-phase work.",https://connected.wildflowerschools.org/posts/4813554-month-1-wildflower-charter-board-mini-series
post,5643036,Board Reflection: How we worked as a board,42,2025-06-22,Build and run your board,"Board health, reflection, and training","Meetings: agendas, minutes, notice, first four meetings",open,template,False,,Annual reflection tool for a board to assess and improve its practices.,https://connected.wildflowerschools.org/posts/5643036-board-reflection-how-we-worked-as-a-board
post,4813542,Connecting Communities: Wildflower Charter Board Mini-Series,41,2022-09-21,Build and run your board,"Board health, reflection, and training",Network membership and what the Foundation does; Charter-specific compliance,planning; startup; open,training,False,,Self-guided training for charter board members on Wildflower’s network and the emerging teacher leader experience.,https://connected.wildflowerschools.org/posts/4813542-connecting-communities-wildflower-charter-board-mini-series
post,5643034,Board Reflection: Annual Alignment and Planning Exercise,31,2025-09-02,Build and run your board,"Board health, reflection, and training",The principles and purpose; Building and using your budget,open,template,False,,"Annual board reflection tool for aligning school purpose, growth priorities, and investments.",https://connected.wildflowerschools.org/posts/5643034-board-reflection-annual-alignment-and-planning-exercise
post,5920961,"Board Reflection Questions - Mission Clarity, Business Planning and Agenda Design",25,2026-01-15,Build and run your board,"Board health, reflection, and training","Meetings: agendas, minutes, notice, first four meetings; Building and using your budget",open,training,False,,"Reflection questions help boards assess mission alignment, sustainability, and the quality of their meetings.",https://connected.wildflowerschools.org/posts/5920961-board-reflection-questions-mission-clarity-business-planning-and-agenda-design
post,5914311,Healthy School Boards - Webinars,24,2026-01-15,Build and run your board,"Board health, reflection, and training","Meetings: agendas, minutes, notice, first four meetings",open,training,False,,"Slide decks and webinars on healthy school board indicators, culture, mission clarity, governance, and accountability.",https://connected.wildflowerschools.org/posts/5914311-healthy-school-boards-webinars
post,5920969,Mission Clarity Worksheet,22,2026-01-15,Build and run your board,"Board health, reflection, and training","Meetings: agendas, minutes, notice, first four meetings; The principles and purpose",planning; open,template,False,,Worksheet and facilitation guide for an annual or onboarding board mission-clarity discussion.,https://connected.wildflowerschools.org/posts/5920969-mission-clarity-worksheet
post,5643031,Board Reflection: Financial Operations and Board Governance Practices for Independent School ,18,2025-09-02,Build and run your board,"Board health, reflection, and training","Fiscal policies, audits, and the 990; Bookkeeping, QuickBooks, and chart of accounts",planning; startup; open,template,False,,Reflection tool for strengthening board governance and financial operations practices.,https://connected.wildflowerschools.org/posts/5643031-board-reflection-financial-operations-and-board-governance-practices-for-indepe
post,4463738,Minnesota Wildflower Montessori School (MWMS): Board Secretary Role Guidance,17,2022-02-22,Build and run your board,"Board health, reflection, and training","Board basics and recruiting members; Meetings: agendas, minutes, notice, first four meetings",planning; open,guide,False,,Guidance describing responsibilities and expectations for a nonprofit board secretary role.,https://connected.wildflowerschools.org/posts/4463738-minnesota-wildflower-montessori-school-mwms-board-secretary-role-guidance
post,5896544,Healthy Board Indicator 1 - Self Assessment - Board Culture and Composition,13,2025-11-19,Build and run your board,"Board health, reflection, and training",Board basics and recruiting members,open,template,False,,Annual board self-assessment focused on board culture and composition.,https://connected.wildflowerschools.org/posts/5896544-healthy-board-indicator-1-self-assessment-board-culture-and-composition
post,4528508,An Introduction to School Boards,772,2025-01-08,Build and run your board,Board basics and recruiting members,"Board health, reflection, and training; The principles and purpose",discovery; visioning; planning; startup; open,guide,False,,"Overview of board purpose, legal duties, common actions, and recruiting board members.",https://connected.wildflowerschools.org/posts/4528508-an-introduction-to-school-boards
post,4672215,"School Board Resources, Getting Started",561,2022-08-09,Build and run your board,Board basics and recruiting members,"Meetings: agendas, minutes, notice, first four meetings; Board resolutions library",planning; open,guide,False,,"Starting guide that points new board members to introductions, meeting tools, resolutions, and policies.",https://connected.wildflowerschools.org/posts/4672215-school-board-resources-getting-started
post,4677422,Role of the Board Member Sample,273,2022-07-16,Build and run your board,Board basics and recruiting members,"Board policies (conflict of interest, nepotism, whistleblower, retention); Roles and responsibilities",planning; open,template,False,,"Editable sample defining board member duties, responsibilities, and accountabilities.",https://connected.wildflowerschools.org/posts/4677422-role-of-the-board-member-sample
post,4694578,School Board Skills Matrix,119,2022-05-11,Build and run your board,Board basics and recruiting members,"Board health, reflection, and training",planning; startup; open,template,False,,Template for assessing current board skills and identifying recruiting gaps.,https://connected.wildflowerschools.org/posts/4694578-school-board-skills-matrix
post,4677395,Talking Points: Discussion with a Potential Board Member,102,2022-04-27,Build and run your board,Board basics and recruiting members,"Board health, reflection, and training; Network Membership and charter affiliation agreements",visioning; planning; startup,template,False,,Talking-point outline for introducing the school and recruiting a prospective board member.,https://connected.wildflowerschools.org/posts/4677395-talking-points-discussion-with-a-potential-board-member
post,4958232,Una introducción a las juntas escolares,92,2023-02-03,Build and run your board,Board basics and recruiting members,"Board health, reflection, and training; The principles and purpose",planning; startup; open,guide,False,,"Introducción a la función legal de la junta, sus responsabilidades y cómo seleccionar y acercarse a sus miembros.",https://connected.wildflowerschools.org/posts/4958232-una-introduccion-a-las-juntas-escolares
post,4693482,Board Member Bio Request Sample,79,2022-05-10,Build and run your board,Board basics and recruiting members,"Board policies (conflict of interest, nepotism, whistleblower, retention)",planning; startup; open,template,False,,Sample form for collecting board member biographies for transparent nonprofit governance.,https://connected.wildflowerschools.org/posts/4693482-board-member-bio-request-sample
post,5896552,Board Member Interview Questions and Scoring Rubric,45,2025-11-19,Build and run your board,Board basics and recruiting members,"Board health, reflection, and training",planning; open,template,False,,Interview questions and a scoring rubric for recruiting and evaluating prospective board members.,https://connected.wildflowerschools.org/posts/5896552-board-member-interview-questions-and-scoring-rubric
post,4556767,"Introduction to Board Governance for Wildflower Teacher Leaders Webinar, Fall 2021",24,2022-02-22,Build and run your board,Board basics and recruiting members,"Meetings: agendas, minutes, notice, first four meetings",planning; startup; open,training,True,Recorded webinar from Fall 2021 is a dated training resource that may no longer reflect current board guidance.,Recorded training introducing board governance and hub meetings for teacher leaders.,https://connected.wildflowerschools.org/posts/4556767-introduction-to-board-governance-for-wildflower-teacher-leaders-webinar-fall-20
post,4732858,Outline for First Four Board Meetings for a Wildflower School,588,2024-02-06,Build and run your board,"Meetings: agendas, minutes, notice, first four meetings",Board basics and recruiting members; Network Membership and charter affiliation agreements,planning; startup,template,False,,Sample agendas and governance content for a new school’s first four board meetings.,https://connected.wildflowerschools.org/posts/4732858-outline-for-first-four-board-meetings-for-a-wildflower-school
post,4651955,Introduction to Holding School Board Meetings,386,2023-11-21,Build and run your board,"Meetings: agendas, minutes, notice, first four meetings",Board basics and recruiting members,planning; startup; open,guide,False,,"Guide to board meeting frequency, officer roles, best practices, and sample agendas.",https://connected.wildflowerschools.org/posts/4651955-introduction-to-holding-school-board-meetings
post,4545411,Board Meeting Agenda Template,254,2022-04-21,Build and run your board,"Meetings: agendas, minutes, notice, first four meetings",Board basics and recruiting members,planning; startup; open,template,False,,"Sample board meeting agenda with preparation steps, roles, and responsibilities.",https://connected.wildflowerschools.org/posts/4545411-board-meeting-agenda-template
post,4545401,Annual Board Meeting Topics Planner,172,2022-05-10,Build and run your board,"Meetings: agendas, minutes, notice, first four meetings","Board health, reflection, and training",planning; open,template,False,,One-page planner for setting recurring board meeting topics and maintaining board engagement.,https://connected.wildflowerschools.org/posts/4545401-annual-board-meeting-topics-planner
post,4732887,School Board Meeting Minutes Tips,154,2022-06-21,Build and run your board,"Meetings: agendas, minutes, notice, first four meetings",,planning; open,guide,False,,Tips for preparing clear and compliant school board meeting minutes.,https://connected.wildflowerschools.org/posts/4732887-school-board-meeting-minutes-tips
post,5920957,Designing your Board Agenda,85,2026-01-15,Build and run your board,"Meetings: agendas, minutes, notice, first four meetings","Board health, reflection, and training",planning; open,guide,False,,Guidance for designing mission-aligned board meeting agendas and strategic conversations.,https://connected.wildflowerschools.org/posts/5920957-designing-your-board-agenda
post,4778622,Providing Notice for Board Meetings,65,2022-08-12,Build and run your board,"Meetings: agendas, minutes, notice, first four meetings",Board basics and recruiting members,planning; startup; open,guide,False,,Guidance on notifying board members about upcoming meetings and meeting notice requirements.,https://connected.wildflowerschools.org/posts/4778622-providing-notice-for-board-meetings
post,4925436,Ejemplos de Correos Electrónicos para las Primeras Reuniones de la Junta,64,2023-01-19,Build and run your board,"Meetings: agendas, minutes, notice, first four meetings",,planning; startup,template,False,,Plantillas de correos para convocar las primeras cuatro reuniones de la junta.,https://connected.wildflowerschools.org/posts/4925436-ejemplos-de-correos-electronicos-para-las-primeras-reuniones-de-la-junta
post,4921456,Esquema para las primeras cuatro reuniones de la junta directiva de una escuela Wildflower,58,2023-01-17,Build and run your board,"Meetings: agendas, minutes, notice, first four meetings",501c3 status and the group exemption; Network Membership and charter affiliation agreements,planning,template,False,,Esquema de ejemplo para organizar las primeras cuatro reuniones de la junta directiva.,https://connected.wildflowerschools.org/posts/4921456-esquema-para-las-primeras-cuatro-reuniones-de-la-junta-directiva-de-una-escuela
post,4545432,Board Governance FAQs,54,2021-12-07,Build and run your board,"Meetings: agendas, minutes, notice, first four meetings","Board resolutions library; Board policies (conflict of interest, nepotism, whistleblower, retention)",planning; startup; open,guide,False,,"FAQ covering board minutes, resolutions, policies, and ongoing governance practices.",https://connected.wildflowerschools.org/posts/4545432-board-governance-faqs
post,4925452,Folleto de la Junta - Descripción General de las Primeras Cuatro Reuniones de la Junta ,53,2023-01-19,Build and run your board,"Meetings: agendas, minutes, notice, first four meetings",,planning; startup; open,guide,False,,Guía en español sobre el propósito y trabajo de las primeras cuatro reuniones de la junta.,https://connected.wildflowerschools.org/posts/4925452-folleto-de-la-junta-descripcion-general-de-las-primeras-cuatro-reuniones-de-la-
post,4545457,Board Governance: Practicing Objections,52,2021-12-07,Build and run your board,"Meetings: agendas, minutes, notice, first four meetings","Board health, reflection, and training; Charter-specific compliance",planning; startup; open,training,False,,Training document for charter boards on practicing and processing objections in governance.,https://connected.wildflowerschools.org/posts/4545457-board-governance-practicing-objections
post,5920843,Board Agenda - Using Consent Agenda Items,50,2026-01-15,Build and run your board,"Meetings: agendas, minutes, notice, first four meetings","Board health, reflection, and training",planning; startup; open,guide,False,,Guide to using consent agendas to streamline board meetings and preserve time for strategic decisions.,https://connected.wildflowerschools.org/posts/5920843-board-agenda-using-consent-agenda-items
post,4925430,Agenda Templatizado Para Reuniones de la Junta,42,2023-01-19,Build and run your board,"Meetings: agendas, minutes, notice, first four meetings",,planning; startup; open,template,False,,Plantilla en español para planificar las reuniones de la junta directiva.,https://connected.wildflowerschools.org/posts/4925430-agenda-templatizado-para-reuniones-de-la-junta
post,4771370,Template Nepotism Policy and Guidelines,428,2023-02-15,Build and run your board,"Board policies (conflict of interest, nepotism, whistleblower, retention)","Bylaws, EIN, bank account, insurance; Employee handbooks and HR policies",planning; startup; open,template,False,,Template policy for preventing favoritism and managing conflicts when relatives work together.,https://connected.wildflowerschools.org/posts/4771370-template-nepotism-policy-and-guidelines
post,4692240,Sample School Board Document Organizer,192,2022-07-20,Build and run your board,"Board policies (conflict of interest, nepotism, whistleblower, retention)","Meetings: agendas, minutes, notice, first four meetings; Fiscal policies, audits, and the 990",planning; startup; open,template,False,,"Template for organizing board governance, financial, and compliance documents.",https://connected.wildflowerschools.org/posts/4692240-sample-school-board-document-organizer
post,5233766,Conflict of Interest Policy Template for School Boards,140,2025-12-11,Build and run your board,"Board policies (conflict of interest, nepotism, whistleblower, retention)",Board resolutions library; Radical transparency and wholeness,planning; startup; open,template,False,,Template for adopting a board conflict-of-interest policy and handling teacher-leader disclosures.,https://connected.wildflowerschools.org/posts/5233766-conflict-of-interest-policy-template-for-school-boards
post,5233756,Nepotism Policy Template for School Boards,136,2023-11-29,Build and run your board,"Board policies (conflict of interest, nepotism, whistleblower, retention)",,planning; open,template,False,,Template for a school board to adopt a nepotism policy.,https://connected.wildflowerschools.org/posts/5233756-nepotism-policy-template-for-school-boards
post,4582599,Self Management Policy Template for School Boards,116,2023-02-15,Build and run your board,"Board policies (conflict of interest, nepotism, whistleblower, retention)",Self-management learning series,planning; open,template,False,,Template for a school board to adopt a self-management policy.,https://connected.wildflowerschools.org/posts/4582599-self-management-policy-template-for-school-boards
post,4548413,School Conflict of Interest Disclosure Form,109,2021-12-08,Build and run your board,"Board policies (conflict of interest, nepotism, whistleblower, retention)","501c3 status and the group exemption; Bylaws, EIN, bank account, insurance",planning; open,template,False,,"Annual conflict-of-interest disclosure form for directors, officers, and board-delegated committee members.",https://connected.wildflowerschools.org/posts/4548413-school-conflict-of-interest-disclosure-form
post,4552553,Network Policy: Data Privacy,106,2024-01-12,Build and run your board,"Board policies (conflict of interest, nepotism, whistleblower, retention)","Google Workspace, email, drives, and devices; Network membership and what the Foundation does",planning; startup; open,policy,False,,Network-wide policy governing how member schools handle data privacy.,https://connected.wildflowerschools.org/posts/4552553-network-policy-data-privacy
post,5233769,Whistleblower Policy Template for School Boards,103,2023-11-29,Build and run your board,"Board policies (conflict of interest, nepotism, whistleblower, retention)","Bylaws, EIN, bank account, insurance",planning; startup; open,template,False,,Template for a school board to adopt a whistleblower policy.,https://connected.wildflowerschools.org/posts/5233769-whistleblower-policy-template-for-school-boards
post,5233761,Document Retention Policy Template for School Boards,49,2023-11-29,Build and run your board,"Board policies (conflict of interest, nepotism, whistleblower, retention)","Board resolutions library; Bylaws, EIN, bank account, insurance",planning; open,template,False,,Template for a school board to adopt a document retention and destruction policy.,https://connected.wildflowerschools.org/posts/5233761-document-retention-policy-template-for-school-boards
post,5896518,Board Handbook - Sample,35,2025-11-19,Build and run your board,"Board policies (conflict of interest, nepotism, whistleblower, retention)","Board basics and recruiting members; Board health, reflection, and training",planning; open,template,False,,Sample board handbook template for documenting governance practices and expectations.,https://connected.wildflowerschools.org/posts/5896518-board-handbook-sample
post,4710341,Removing a Director - Sample Board Resolution,1549,2022-05-24,Build and run your board,Board resolutions library,"Meetings: agendas, minutes, notice, first four meetings; Board policies (conflict of interest, nepotism, whistleblower, retention)",planning; open,template,False,,Sample board resolution for removing a director in accordance with bylaws and quorum requirements.,https://connected.wildflowerschools.org/posts/4710341-removing-a-director-sample-board-resolution
post,4710548,Removing an Officer - Sample Board Resolution,775,2022-05-24,Build and run your board,Board resolutions library,"Meetings: agendas, minutes, notice, first four meetings",planning; open,template,False,,Sample board resolution for removing an officer and recording the required vote in meeting minutes.,https://connected.wildflowerschools.org/posts/4710548-removing-an-officer-sample-board-resolution
post,4710581,Granting Signature Authority - Sample Board Resolution,440,2022-05-24,Build and run your board,Board resolutions library,"Fiscal policies, audits, and the 990; Meetings: agendas, minutes, notice, first four meetings",planning; startup; open,template,False,,Sample board resolution naming people authorized to sign school contracts and checks.,https://connected.wildflowerschools.org/posts/4710581-granting-signature-authority-sample-board-resolution
post,5237934,Tips on Writing a Board Resolution,374,2023-12-04,Build and run your board,Board resolutions library,"Meetings: agendas, minutes, notice, first four meetings",planning; startup; open,guide,False,,Practical guidance and templates for drafting formal board resolutions.,https://connected.wildflowerschools.org/posts/5237934-tips-on-writing-a-board-resolution
post,4710526,Dissolving a Committee- Sample Board Resolution,356,2022-05-24,Build and run your board,Board resolutions library,"Meetings: agendas, minutes, notice, first four meetings",planning; startup; open,template,False,,"Sample board resolution for dissolving a committee, with guidance on recording and filing the vote.",https://connected.wildflowerschools.org/posts/4710526-dissolving-a-committee-sample-board-resolution
post,4710599,Secretary's Certificate - Sample for Certifying Board Resolutions,331,2022-05-24,Build and run your board,Board resolutions library,"Meetings: agendas, minutes, notice, first four meetings",planning; startup; open,template,False,,Sample secretary’s certificate for certifying board resolutions when requested by an external entity.,https://connected.wildflowerschools.org/posts/4710599-secretary-s-certificate-sample-for-certifying-board-resolutions
post,4710334,Amending the Bylaws - Sample Board Resolution,289,2022-05-24,Build and run your board,Board resolutions library,"Bylaws, EIN, bank account, insurance; Meetings: agendas, minutes, notice, first four meetings",planning; open,template,False,,"Sample board resolution for amending nonprofit bylaws, with guidance on documenting and filing the vote.",https://connected.wildflowerschools.org/posts/4710334-amending-the-bylaws-sample-board-resolution
post,4710587,Selecting and Approving an Auditor - Sample Board Resolution,240,2022-05-24,Build and run your board,Board resolutions library,"Fiscal policies, audits, and the 990; Meetings: agendas, minutes, notice, first four meetings",planning; open,template,False,,Sample board resolution for formally selecting and approving an auditor.,https://connected.wildflowerschools.org/posts/4710587-selecting-and-approving-an-auditor-sample-board-resolution
post,4789102,Approving Network Membership Agreement - Sample Board Resolution,220,2024-02-06,Build and run your board,Board resolutions library,Network Membership and charter affiliation agreements,planning,example,False,,Sample board resolution approving the Wildflower Foundation Network Membership Agreement.,https://connected.wildflowerschools.org/posts/4789102-approving-network-membership-agreement-sample-board-resolution
post,4530389,Board Resolution to Open a Bank Account,200,2022-02-22,Build and run your board,Board resolutions library,"Bylaws, EIN, bank account, insurance; Bookkeeping, QuickBooks, and chart of accounts",planning; startup,template,False,,Sample board resolution authorizing the school to open a bank account.,https://connected.wildflowerschools.org/posts/4530389-board-resolution-to-open-a-bank-account
post,4710593,Approving Tax Returns / IRS Form 990 - Sample Board Resolution,164,2022-05-24,Build and run your board,Board resolutions library,"Fiscal policies, audits, and the 990; Meetings: agendas, minutes, notice, first four meetings",planning; open,template,False,,Sample board resolution for approving the annual IRS Form 990 and documenting the vote in meeting minutes.,https://connected.wildflowerschools.org/posts/4710593-approving-tax-returns-irs-form-990-sample-board-resolution
post,4710338,Electing a Board Member - Sample Board Resolution,160,2022-05-24,Build and run your board,Board resolutions library,"Meetings: agendas, minutes, notice, first four meetings",planning; startup; open,template,False,,"Sample resolution for electing a new or renewing board member, with guidance on recording the vote and filing signed minutes.",https://connected.wildflowerschools.org/posts/4710338-electing-a-board-member-sample-board-resolution
post,4710531,Appointing an Officer(s) - Sample Board Resolutions,141,2022-05-24,Build and run your board,Board resolutions library,"Meetings: agendas, minutes, notice, first four meetings",planning; startup; open,template,False,,"Sample board resolution for appointing officers such as the chair, treasurer, or secretary.",https://connected.wildflowerschools.org/posts/4710531-appointing-an-officer-s-sample-board-resolutions
post,4545789,Sample Payroll Advance Board Resolution and Policy (April-Dec 2020),130,2021-12-07,Build and run your board,Board resolutions library,"Board policies (conflict of interest, nepotism, whistleblower, retention); Compensation, payroll, and benefits",planning; open,template,False,,Sample board resolution and policy authorizing payroll advances.,https://connected.wildflowerschools.org/posts/4545789-sample-payroll-advance-board-resolution-and-policy-april-dec-2020
post,4710346,Establishing a New Board Committee - Sample Board Resolution,98,2022-05-24,Build and run your board,Board resolutions library,"Meetings: agendas, minutes, notice, first four meetings; Board policies (conflict of interest, nepotism, whistleblower, retention)",planning; startup; open,template,False,,Sample board resolution for establishing a formal board committee and documenting its approval.,https://connected.wildflowerschools.org/posts/4710346-establishing-a-new-board-committee-sample-board-resolution
post,4710569,Granting Contract Authority - Sample Board Resolution,97,2022-05-24,Build and run your board,Board resolutions library,"Fiscal policies, audits, and the 990",planning; startup; open,template,False,,Sample board resolution granting named school members authority to sign contracts and loans.,https://connected.wildflowerschools.org/posts/4710569-granting-contract-authority-sample-board-resolution
post,4545868,Sample Board Resolution for Teacher Leader Compensation,90,2021-12-07,Build and run your board,Board resolutions library,"Compensation, payroll, and benefits; Board policies (conflict of interest, nepotism, whistleblower, retention)",planning; startup; open,template,False,,Sample board resolution approving teacher leader compensation and supporting periodic conflict-of-interest review.,https://connected.wildflowerschools.org/posts/4545868-sample-board-resolution-for-teacher-leader-compensation
post,4545726,Sample Board Resolution to Borrow Money (Take out a Loan),80,2022-05-10,Build and run your board,Board resolutions library,Wildflower loans and grants,planning; startup; open,template,False,,Sample board resolution authorizing the school to borrow money or take out a loan.,https://connected.wildflowerschools.org/posts/4545726-sample-board-resolution-to-borrow-money-take-out-a-loan
post,4710520,Appointing Members and Chairs to Established Board Committees - Sample Board Resolution,75,2022-05-24,Build and run your board,Board resolutions library,"Meetings: agendas, minutes, notice, first four meetings",planning; open,template,False,,Sample resolution for appointing members or chairs to established board committees.,https://connected.wildflowerschools.org/posts/4710520-appointing-members-and-chairs-to-established-board-committees-sample-board-reso
post,4730761,Approving a Large Spending Item (Contract) - Sample Board Resolution,66,2022-06-17,Build and run your board,Board resolutions library,"Fiscal policies, audits, and the 990",planning; startup; open,template,False,,Sample board resolution authorizing a large contract or other spending item.,https://connected.wildflowerschools.org/posts/4730761-approving-a-large-spending-item-contract-sample-board-resolution
post,4710513,Establishing a New Advisory Committee - Sample Board Resolution,43,2022-05-24,Build and run your board,Board resolutions library,"Meetings: agendas, minutes, notice, first four meetings",planning; startup; open,template,False,,"Sample board resolution for establishing an advisory committee, with guidance on recording and filing the vote.",https://connected.wildflowerschools.org/posts/4710513-establishing-a-new-advisory-committee-sample-board-resolution
post,4931219,Elección de un Miembro de la Junta - Resolución Templatizado,39,2023-01-25,Build and run your board,Board resolutions library,"Meetings: agendas, minutes, notice, first four meetings",planning; startup; open,template,False,,Plantilla de resolución para elegir a un miembro de la junta directiva.,https://connected.wildflowerschools.org/posts/4931219-eleccion-de-un-miembro-de-la-junta-resolucion-templatizado
post,4931224,Aprobación del Acuerdo de Afiliación con Wildflower - Resolución Templatizado,37,2023-01-25,Build and run your board,Board resolutions library,Network Membership and charter affiliation agreements,planning,template,False,,Spanish template board resolution approving the Wildflower affiliation agreement.,https://connected.wildflowerschools.org/posts/4931224-aprobacion-del-acuerdo-de-afiliacion-con-wildflower-resolucion-templatizado
post,4547967,Sample Board Resolution to Furlough Teacher Leaders,26,2021-12-08,Build and run your board,Board resolutions library,"Compensation, payroll, and benefits",startup; open,template,False,,Sample board resolution for furloughing teacher leaders.,https://connected.wildflowerschools.org/posts/4547967-sample-board-resolution-to-furlough-teacher-leaders
post,4545475,Sample Board Resolution to Borrow Money (PPP),24,2022-02-22,Build and run your board,Board resolutions library,"Wildflower loans and grants; Fiscal policies, audits, and the 990",startup; open,template,True,PPP-specific guidance and funding program documentation are from the COVID-era and may no longer apply.,Sample board resolution authorizing PPP borrowing and loan forgiveness applications.,https://connected.wildflowerschools.org/posts/4545475-sample-board-resolution-to-borrow-money-ppp
post,5896728,How is a Teacher Leader removed from a school,23,2025-11-19,Build and run your board,Board resolutions library,"Board policies (conflict of interest, nepotism, whistleblower, retention); Hiring: postings, offers, contracts, visas, onboarding",planning; startup; open,guide,False,,Guidance on the board’s authority and process for removing a Teacher Leader.,https://connected.wildflowerschools.org/posts/5896728-how-is-a-teacher-leader-removed-from-a-school
post,5244105,Foundation: Process for Submitting Items to TWF Board (by email),13,2023-12-11,Build and run your board,Board resolutions library,"Meetings: agendas, minutes, notice, first four meetings; Working for the Foundation and internal process",planning; startup; open,template,False,,Guide and template for submitting board resolutions and approval requests by email.,https://connected.wildflowerschools.org/posts/5244105-foundation-process-for-submitting-items-to-twf-board-by-email
post,4528466,Direction for Using Annotated Board Resolutions,6,2021-11-16,Build and run your board,Board resolutions library,,planning; startup; open,guide,False,,Instructions for copying and resolving annotations in sample board resolutions.,https://connected.wildflowerschools.org/posts/4528466-direction-for-using-annotated-board-resolutions
post,4409957,Advice Process,341,2021-08-05,Practice self-management and culture,The advice process,Roles and responsibilities; The principles and purpose,planning; startup; open,policy,False,,Explains Wildflower’s required advice process for making decisions that affect stakeholders.,https://connected.wildflowerschools.org/posts/4409957-advice-process
post,4834929,The Advice Process Module - Welcome,278,2022-10-24,Practice self-management and culture,The advice process,Self-management learning series; Radical transparency and wholeness,discovery; visioning; planning; startup; open,training,False,,Welcome lesson for the self-management learning series module on the advice process.,https://connected.wildflowerschools.org/posts/4834929-the-advice-process-module-welcome
post,4407574,The Role of the Advice Process in the School Startup Journey,274,2022-03-23,Practice self-management and culture,The advice process,How the School Startup Journey works,visioning; planning; startup,training,False,,Explains how emerging teacher leaders use the advice process during school startup transitions.,https://connected.wildflowerschools.org/posts/4407574-the-role-of-the-advice-process-in-the-school-startup-journey
post,4834964,How Are Decisions Made?,238,2022-10-24,Practice self-management and culture,The advice process,Self-management learning series,discovery; visioning; planning; startup; open,training,False,,Training lesson on making decisions through Wildflower’s advice process.,https://connected.wildflowerschools.org/posts/4834964-how-are-decisions-made
post,4834995,The Advice Process Steps and Tips,230,2022-10-24,Practice self-management and culture,The advice process,Self-management learning series,planning; startup; open,training,False,,Training lesson explaining the advice process steps and providing a team practice activity.,https://connected.wildflowerschools.org/posts/4834995-the-advice-process-steps-and-tips
post,5190348,Guidance for SSJ Advice Givers,179,2023-11-30,Practice self-management and culture,The advice process,How the School Startup Journey works; Roles and responsibilities,discovery; visioning; planning; startup,guide,False,,Guide to participating in the advice process during the School Startup Journey.,https://connected.wildflowerschools.org/posts/5190348-guidance-for-ssj-advice-givers
post,4835001,The Advice Process Module - Closing,176,2022-11-01,Practice self-management and culture,The advice process,Self-management learning series,discovery; visioning; planning; startup; open,training,False,,Closing lesson in the self-management learning series about courage and participating in the Advice Process.,https://connected.wildflowerschools.org/posts/4835001-the-advice-process-module-closing
post,5286851,Network Policy: Advice Process,89,2024-01-12,Practice self-management and culture,The advice process,Network membership and what the Foundation does,open,policy,False,,Network-wide policy explaining how member organizations use the advice process.,https://connected.wildflowerschools.org/posts/5286851-network-policy-advice-process
post,4916179,Advice Process Visual,87,2023-01-11,Practice self-management and culture,The advice process,Self-management learning series,planning; startup; open,training,False,,Visual slide explaining Wildflower’s advice process for decision-making.,https://connected.wildflowerschools.org/posts/4916179-advice-process-visual
post,4582844,"SSJ Advice-Giver Training: DC Hub, 4/23/20",52,2022-02-22,Practice self-management and culture,The advice process,How the School Startup Journey works,discovery; visioning; planning; startup; open,training,False,,Training resources for preparing advice-givers in the School Startup Journey.,https://connected.wildflowerschools.org/posts/4582844-ssj-advice-giver-training-dc-hub-4-23-20
post,5493956,Planning Advice Process Resources for Advice Givers,43,2024-10-22,Practice self-management and culture,The advice process,How the School Startup Journey works,planning,training,False,,Guides for facilitating the advice process during the planning phase of the School Startup Journey.,https://connected.wildflowerschools.org/posts/5493956-planning-advice-process-resources-for-advice-givers
post,4582867,"SSJ Advice-Giver Refresh and Practice: DC Hub, 9/29/20",18,2022-02-22,Practice self-management and culture,The advice process,"How the School Startup Journey works; Past gatherings, session notes, and dated reports",visioning; planning; startup,training,True,Dated training session from September 2020 with recorded practice materials.,Training and case studies for practicing the advice process in the School Startup Journey.,https://connected.wildflowerschools.org/posts/4582867-ssj-advice-giver-refresh-and-practice-dc-hub-9-29-20
post,4549225,Listening to Our Own Listening Checklist,8,2022-03-09,Practice self-management and culture,The advice process,Self-management learning series,open,template,False,,Checklist for practicing reflection and listening within the advice process.,https://connected.wildflowerschools.org/posts/4549225-listening-to-our-own-listening-checklist
post,4409976,Conflict Resolution Process,470,2022-09-12,Practice self-management and culture,Conflict resolution,Self-management learning series; The advice process,planning; startup; open,policy,False,,Process for resolving tensions through compassionate conversation and structured support.,https://connected.wildflowerschools.org/posts/4409976-conflict-resolution-process
post,4836802,Conflict is Water,158,2022-10-24,Practice self-management and culture,Conflict resolution,Self-management learning series,open,training,False,,Self-management learning module lesson on practicing conflict resolution with a team.,https://connected.wildflowerschools.org/posts/4836802-conflict-is-water
post,4558993,How to Use the Clearing Model for Conflict Resolution,157,2022-02-22,Practice self-management and culture,Conflict resolution,,open,link,False,,Links to the Clearing Model as a tool for resolving conflict and repairing relationships.,https://connected.wildflowerschools.org/posts/4558993-how-to-use-the-clearing-model-for-conflict-resolution
post,4836158,Conflict Resolution Module - Welcome,142,2022-10-24,Practice self-management and culture,Conflict resolution,Self-management learning series,planning; startup; open,training,False,,Welcome lesson for the self-management learning series focused on conflict resolution.,https://connected.wildflowerschools.org/posts/4836158-conflict-resolution-module-welcome
post,4836847,Moving Towards Everyday Conflict,126,2022-11-04,Practice self-management and culture,Conflict resolution,Self-management learning series; Radical transparency and wholeness,open,training,False,,"Self-management lesson on direct conversations, deep listening, and team practices for addressing conflict.",https://connected.wildflowerschools.org/posts/4836847-moving-towards-everyday-conflict
post,4836823,Intercultural Conflict Styles Activity,123,2022-10-24,Practice self-management and culture,Conflict resolution,"Self-management learning series; Liberation, equity, and anti-bias work",planning; startup; open,training,False,,Activity for identifying intercultural conflict styles and practicing healthier conflict engagement with colleagues.,https://connected.wildflowerschools.org/posts/4836823-intercultural-conflict-styles-activity
post,4836892,Conflict Resolution Module - Closing,103,2024-10-15,Practice self-management and culture,Conflict resolution,"Self-management learning series; Liberation, equity, and anti-bias work",open,training,False,,Closing lesson in the self-management series introducing Teal listeners and conflict-resolution pathways.,https://connected.wildflowerschools.org/posts/4836892-conflict-resolution-module-closing
post,5286838,Network Policy: Conflict Resolution Process,70,2024-01-12,Practice self-management and culture,Conflict resolution,Network membership and what the Foundation does,open,policy,False,,Network-wide policy outlining the process for resolving conflicts.,https://connected.wildflowerschools.org/posts/5286838-network-policy-conflict-resolution-process
post,4861731,Conflict Support: Overview,56,2023-03-01,Practice self-management and culture,Conflict resolution,Self-management learning series,open,guide,False,,"Overview of Wildflower’s conflict resolution process, self-guided tools, and live support options.",https://connected.wildflowerschools.org/posts/4861731-conflict-support-overview
post,4559031,Compassionate Conversation Approach to Conflict Resolution by Dina Amsterdam,39,2022-02-22,Practice self-management and culture,Conflict resolution,Radical transparency and wholeness,open,training,False,,Training resource on using compassionate conversation to resolve conflict.,https://connected.wildflowerschools.org/posts/4559031-compassionate-conversation-approach-to-conflict-resolution-by-dina-amsterdam
post,4589738,Building Liberation Culture at Wildflower Framework,324,2023-03-30,Practice self-management and culture,"Liberation, equity, and anti-bias work",,open,guide,False,,Interactive framework for practicing liberation culture at Wildflower.,https://connected.wildflowerschools.org/posts/4589738-building-liberation-culture-at-wildflower-framework
post,4582664,Understanding Liberatory Montessori Slides & Recording Oct 21,111,2022-07-06,Practice self-management and culture,"Liberation, equity, and anti-bias work",Radical transparency and wholeness,discovery; visioning; planning; startup; open,training,True,Recorded training from October 2021 with no indication that it reflects current guidance.,"Training on Liberatory Montessori, liberatory leadership, and the liberated child and adult.",https://connected.wildflowerschools.org/posts/4582664-understanding-liberatory-montessori-slides-recording-oct-21
post,4590369,Awareness: How to integrate liberation culture into your work at Wildflower,76,2022-05-02,Practice self-management and culture,"Liberation, equity, and anti-bias work",Self-management learning series; Radical transparency and wholeness,open,training,False,,"Guidance on integrating liberation, equity, accountability, and cross-cultural humility into Wildflower work.",https://connected.wildflowerschools.org/posts/4590369-awareness-how-to-integrate-liberation-culture-into-your-work-at-wildflower
post,4590355,Our Approach to Liberation by Koren Clark,67,2022-02-22,Practice self-management and culture,"Liberation, equity, and anti-bias work",The principles and purpose,discovery; visioning; planning; startup; open,guide,False,,Overview of Wildflower’s purpose and commitment to liberation in schools and the broader network.,https://connected.wildflowerschools.org/posts/4590355-our-approach-to-liberation-by-koren-clark
post,4538062,Reflection: Balancing Montessori Values and HR Needs in Practice,64,2021-11-30,Practice self-management and culture,"Liberation, equity, and anti-bias work","Employee handbooks and HR policies; Adult learning, assistants training, and exits",planning; startup; open,training,True,COVID-era HR and workplace guidance from 2021.,"Reflection and podcast on building liberating, anti-oppressive HR practices.",https://connected.wildflowerschools.org/posts/4538062-reflection-balancing-montessori-values-and-hr-needs-in-practice
post,4583924,Liberatory Leadership Series #2 Slides & Recording,60,2022-02-22,Practice self-management and culture,"Liberation, equity, and anti-bias work",Self-management learning series,discovery; visioning; planning; startup; open,training,True,Dated recording and slides from a 2021 session.,"Training on Liberatory Montessori, liberatory consciousness, and cultivating liberatory learning environments.",https://connected.wildflowerschools.org/posts/4583924-liberatory-leadership-series-2-slides-recording
post,4728650,Article: Decolonizing Montessori: An Antiracist Approach to Our Practice ,51,2022-06-16,Practice self-management and culture,"Liberation, equity, and anti-bias work","Wildflower in the news; Montessori practice, observation, and assessment",discovery; visioning; planning; startup; open,news,False,,"Article on applying an antiracist, decolonizing approach to Montessori practice.",https://connected.wildflowerschools.org/posts/4728650-article-decolonizing-montessori-an-antiracist-approach-to-our-practice
post,4588054,Montessori by Any Means by Koren Clark,45,2022-02-22,Practice self-management and culture,"Liberation, equity, and anti-bias work","Montessori practice, observation, and assessment; The principles and purpose",discovery; visioning; planning; startup; open,link,False,,"Paper exploring expansive Montessori practice, child-centered theory, and liberation-oriented education.",https://connected.wildflowerschools.org/posts/4588054-montessori-by-any-means-by-koren-clark
post,5389946,Series: WELL - White Affinity Space: Session pre work materials,42,2024-05-08,Practice self-management and culture,"Liberation, equity, and anti-bias work",,open,training,False,,"Pre-work exercises for white affinity spaces focused on bias, anti-Blackness, and white identity work.",https://connected.wildflowerschools.org/posts/5389946-series-well-white-affinity-space-session-pre-work-materials
post,4566697,George Floyd: Letter to Families Example by Wildflower Montessori School,36,2022-02-22,Practice self-management and culture,"Liberation, equity, and anti-bias work","Family communications (accepted, waitlist, re-enrollment)",open,example,False,,Example family letter addressing anti-racism and the murder of George Floyd,https://connected.wildflowerschools.org/posts/4566697-george-floyd-letter-to-families-example-by-wildflower-montessori-school
post,4590377,Analysis: How to integrate liberation culture into your work at Wildflower,36,2022-05-02,Practice self-management and culture,"Liberation, equity, and anti-bias work",Self-management learning series; Radical transparency and wholeness,open,training,False,,"Analysis and strategies for integrating liberation, anti-bias, and liberatory ways of working at Wildflower.",https://connected.wildflowerschools.org/posts/4590377-analysis-how-to-integrate-liberation-culture-into-your-work-at-wildflower
post,4590415,Action: How to integration liberation culture into your work at Wildflower,36,2022-05-02,Practice self-management and culture,"Liberation, equity, and anti-bias work",The principles and purpose; Self-management learning series,discovery; visioning; planning; startup; open,guide,False,,"Guidance for integrating liberation, anti-bias practice, and Wildflower’s purpose into school and team work.",https://connected.wildflowerschools.org/posts/4590415-action-how-to-integration-liberation-culture-into-your-work-at-wildflower
post,4590402,Allyship: How to integration Liberation Culture into your work at Wildflower,33,2022-05-02,Practice self-management and culture,"Liberation, equity, and anti-bias work",Radical transparency and wholeness; The principles and purpose,discovery; visioning; planning; startup; open,guide,False,,"Guide to integrating liberation, equity, allyship, and liberatory leadership into Wildflower school work.",https://connected.wildflowerschools.org/posts/4590402-allyship-how-to-integration-liberation-culture-into-your-work-at-wildflower
post,4733929,"Anti-Bias, Anti-Racist Work is The Spiritual Preparation of the Montessori Guide",33,2022-06-21,Practice self-management and culture,"Liberation, equity, and anti-bias work","Montessori practice, observation, and assessment",discovery; visioning; planning; startup; open,guide,False,,"Explains how anti-bias, anti-racist practice connects to the Montessori guide’s spiritual preparation.",https://connected.wildflowerschools.org/posts/4733929-anti-bias-anti-racist-work-is-the-spiritual-preparation-of-the-montessori-guide
post,4590389,Accountability: How to integrate liberation culture into your work at Wildflower,29,2022-05-02,Practice self-management and culture,"Liberation, equity, and anti-bias work",Roles and responsibilities; Radical transparency and wholeness,planning; startup; open,guide,False,,"Guidance for embedding liberation, equity accountability, and BIPOC wholeness across school and Foundation work.",https://connected.wildflowerschools.org/posts/4590389-accountability-how-to-integrate-liberation-culture-into-your-work-at-wildflower
post,4589238,The Butterfly Effect by Koren Clark,24,2022-02-22,Practice self-management and culture,"Liberation, equity, and anti-bias work","The principles and purpose; Montessori practice, observation, and assessment",discovery; visioning; planning; startup; open,link,False,,"Article connecting Montessori practice, personal purpose, and collective liberation.",https://connected.wildflowerschools.org/posts/4589238-the-butterfly-effect-by-koren-clark
post,4566707,George Floyd: Example statements from our community,23,2022-01-03,Practice self-management and culture,"Liberation, equity, and anti-bias work","Past gatherings, session notes, and dated reports",planning; startup; open,example,True,Historical example statements created in response to George Floyd’s murder in 2020.,Examples of community statements for anti-bias and racial justice communication.,https://connected.wildflowerschools.org/posts/4566707-george-floyd-example-statements-from-our-community
post,4516203,Video: Brené Brown - How to “Brave the Wilderness” & Find True Belonging,13,2022-03-09,Practice self-management and culture,"Liberation, equity, and anti-bias work","Past gatherings, session notes, and dated reports",open,link,True,Dated recording from an April 2021 Equity Steward COP session.,Video exploring belonging and equity-related personal development.,https://connected.wildflowerschools.org/posts/4516203-video-brene-brown-how-to-brave-the-wilderness-find-true-belonging
post,4516224,Video: Living Brave with Brene Brown and Oprah Winfrey,11,2022-03-09,Practice self-management and culture,"Liberation, equity, and anti-bias work","Past gatherings, session notes, and dated reports",open,link,True,Dated session recording from April 2021.,"Video from a past session about courage, equity, and personal growth.",https://connected.wildflowerschools.org/posts/4516224-video-living-brave-with-brene-brown-and-oprah-winfrey
post,4566714,Police Brutality Parent Support Space/ Workshop,11,2022-02-22,Practice self-management and culture,"Liberation, equity, and anti-bias work",Family education and Montessori 101,open,example,False,,Example parent workshop materials for discussing police brutality and racial caucusing.,https://connected.wildflowerschools.org/posts/4566714-police-brutality-parent-support-space-workshop
post,4566691,Anti-Racist Guide,9,2022-01-03,Practice self-management and culture,"Liberation, equity, and anti-bias work",,discovery; visioning; planning; startup; open,guide,False,,"Guide to understanding and addressing anti-racism, anti-Blackness, and racial inequity.",https://connected.wildflowerschools.org/posts/4566691-anti-racist-guide
post,4516328,"Equity Steward Community of Practice - Interactive Notes - August 2021, Session 4",8,2022-02-22,Practice self-management and culture,"Liberation, equity, and anti-bias work","Past gatherings, session notes, and dated reports",open,training,True,Dated notes from an August 2021 community-of-practice session.,Interactive notes from an Equity Steward community-of-practice session.,https://connected.wildflowerschools.org/posts/4516328-equity-steward-community-of-practice-interactive-notes-august-2021-session-4
post,4516229,"Equity Steward Community of Practice - Interactive Notes - May 2021, Session 2",8,2022-02-22,Practice self-management and culture,"Liberation, equity, and anti-bias work",,open,training,True,Dated session notes from May 2021.,Interactive notes from an Equity Steward community-of-practice session.,https://connected.wildflowerschools.org/posts/4516229-equity-steward-community-of-practice-interactive-notes-may-2021-session-2
post,4566998,"Racial Healing Resources, Books and Podcast",8,2022-02-22,Practice self-management and culture,"Liberation, equity, and anti-bias work",Radical transparency and wholeness,discovery; visioning; planning; startup; open,directory,False,,"Curated books, courses, and podcasts for racial healing, anti-bias, and equity work.",https://connected.wildflowerschools.org/posts/4566998-racial-healing-resources-books-and-podcast
post,4516325,"Equity Steward Community of Practice - Interactive Notes - June 2021, Session 3",6,2022-02-22,Practice self-management and culture,"Liberation, equity, and anti-bias work","Past gatherings, session notes, and dated reports",open,training,True,Dated notes from a June 2021 community-of-practice session.,Interactive notes from an Equity Steward community-of-practice session.,https://connected.wildflowerschools.org/posts/4516325-equity-steward-community-of-practice-interactive-notes-june-2021-session-3
post,4409945,Roles & Responsibilities Process,402,2021-08-05,Practice self-management and culture,Roles and responsibilities,Self-management learning series; Radical transparency and wholeness,planning; startup; open,guide,False,,"Explains Wildflower’s process and principles for defining, assigning, and publicly sharing roles and responsibilities.",https://connected.wildflowerschools.org/posts/4409945-roles-responsibilities-process
post,4835143,Roles and Responsibilities: This is About Organizing,237,2022-10-24,Practice self-management and culture,Roles and responsibilities,Self-management learning series,planning; startup; open,training,False,,Lesson on organizing roles and responsibilities by purpose in a self-managed team.,https://connected.wildflowerschools.org/posts/4835143-roles-and-responsibilities-this-is-about-organizing
post,4835121,Roles and Responsibilities Module - Welcome,175,2022-10-24,Practice self-management and culture,Roles and responsibilities,Self-management learning series,discovery; visioning; planning; startup; open,training,False,,Welcome lesson for the self-management module on roles and responsibilities.,https://connected.wildflowerschools.org/posts/4835121-roles-and-responsibilities-module-welcome
post,4836132,Roles and Responsibilities: Getting Started and Tips for Practice,151,2022-10-24,Practice self-management and culture,Roles and responsibilities,Self-management learning series,planning; startup; open,training,False,,Self-management training on defining roles and building a healthy roles-and-responsibilities practice.,https://connected.wildflowerschools.org/posts/4836132-roles-and-responsibilities-getting-started-and-tips-for-practice
post,5286844,"Network Policy: Roles and Responsibilities Process
",104,2024-01-12,Practice self-management and culture,Roles and responsibilities,Network membership and what the Foundation does,planning; startup; open,policy,False,,Network policy defining roles and responsibilities for member schools.,https://connected.wildflowerschools.org/posts/5286844-network-policy-roles-and-responsibilities-process
post,4432308,"Roles and Responsibilities: A Day in the life of a Wildflower School, Recorded ETL Gathering",102,2022-02-22,Practice self-management and culture,Roles and responsibilities,"How the School Startup Journey works; Past gatherings, session notes, and dated reports",visioning; planning; startup; open,training,False,,Recorded training on how roles and responsibilities show up during a typical Wildflower school day.,https://connected.wildflowerschools.org/posts/4432308-roles-and-responsibilities-a-day-in-the-life-of-a-wildflower-school-recorded-et
post,4836141,Roles and Responsibilities Module - Closing,100,2022-11-01,Practice self-management and culture,Roles and responsibilities,Self-management learning series,planning; startup; open,training,False,,Closing lesson in the self-management series focused on roles and responsibilities.,https://connected.wildflowerschools.org/posts/4836141-roles-and-responsibilities-module-closing
post,4595440,MWMS Roles and Responsibilities Training,87,2022-02-01,Practice self-management and culture,Roles and responsibilities,"Past gatherings, session notes, and dated reports",open,training,True,Dated professional development session from January 2022.,Training materials for clarifying roles and responsibilities within a school team.,https://connected.wildflowerschools.org/posts/4595440-mwms-roles-and-responsibilities-training
post,5626566,Teacher Leader Roles and Accountabilities (Open Schools),84,2025-05-14,Practice self-management and culture,Roles and responsibilities,Staffing plans and finding a co-teacher leader; Self-management learning series,open,guide,False,,Guide to defining teacher leader responsibilities and distributing school operating work.,https://connected.wildflowerschools.org/posts/5626566-teacher-leader-roles-and-accountabilities-open-schools
post,4530889,"Roles & Responsibilities Example, Magnolia Blossom",62,2022-02-22,Practice self-management and culture,Roles and responsibilities,"Board health, reflection, and training",planning; startup; open,example,False,,Example roles-and-responsibilities matrix showing shared roles and board support.,https://connected.wildflowerschools.org/posts/4530889-roles-responsibilities-example-magnolia-blossom
post,4530898,"Roles & Responsibilities Example, Sage",57,2022-02-22,Practice self-management and culture,Roles and responsibilities,,planning; startup; open,example,False,,Example roles and responsibilities spreadsheet from Sage.,https://connected.wildflowerschools.org/posts/4530898-roles-responsibilities-example-sage
post,4530892,"Roles & Responsibilities Example,  Ginkgo",53,2022-02-22,Practice self-management and culture,Roles and responsibilities,How the School Startup Journey works,planning; startup; open,example,False,,Example roles-and-responsibilities spreadsheet separating startup and ongoing activities for teacher leaders.,https://connected.wildflowerschools.org/posts/4530892-roles-responsibilities-example-ginkgo
post,4530884,"Roles & Responsibilities Example, Lirio",50,2022-02-22,Practice self-management and culture,Roles and responsibilities,Self-management learning series,planning; startup; open,example,False,,Example role map showing how a school team can clarify responsibilities using circles.,https://connected.wildflowerschools.org/posts/4530884-roles-responsibilities-example-lirio
post,4552349,Roles & Responsibilities: A Teacher Leader's Reflection,48,2021-12-13,Practice self-management and culture,Roles and responsibilities,Self-management learning series,visioning; planning; startup; open,example,False,,Teacher leader reflection on roles and responsibilities in a self-managed school.,https://connected.wildflowerschools.org/posts/4552349-roles-responsibilities-a-teacher-leader-s-reflection
post,4530976,Hub/Pod Roles,34,2021-11-18,Practice self-management and culture,Roles and responsibilities,Self-management learning series; Network membership and what the Foundation does,planning; startup; open,guide,False,,"Suggested hub and pod roles for coordinating professional learning, family engagement, operations, equity, and accountability.",https://connected.wildflowerschools.org/posts/4530976-hub-pod-roles
post,4440485,Charter-Wide Roles and Responsibilities Case Study,26,2021-09-02,Practice self-management and culture,Roles and responsibilities,Charter-specific compliance,open,example,True,Dated case study from 2021.,Case study showing how roles and responsibilities work across a charter.,https://connected.wildflowerschools.org/posts/4440485-charter-wide-roles-and-responsibilities-case-study
post,4530911,"Plan de Trabajo, Puerto Rico",22,2022-02-22,Practice self-management and culture,Roles and responsibilities,How the School Startup Journey works,planning; startup; open,example,False,,Plan de trabajo de ejemplo para clarificar roles y responsabilidades en una escuela de Puerto Rico.,https://connected.wildflowerschools.org/posts/4530911-plan-de-trabajo-puerto-rico
post,4440475,Charter School Network Pod Roles and Responsibilities Case Study,16,2022-02-22,Practice self-management and culture,Roles and responsibilities,Charter-specific compliance,planning; startup; open,example,True,A dated 2021 case study that may no longer reflect current roles or charter-network practices.,Case study showing how roles and responsibilities work in a charter school network.,https://connected.wildflowerschools.org/posts/4440475-charter-school-network-pod-roles-and-responsibilities-case-study
post,4834865,Introduction to Self-Management,466,2022-10-24,Practice self-management and culture,Self-management learning series,The principles and purpose,discovery; visioning; planning; startup; open,training,False,,Self-management learning module introducing teal organizations and reflective practice.,https://connected.wildflowerschools.org/posts/4834865-introduction-to-self-management
post,4840229,Self-Management Learning Series Virtual Classroom - Welcome,429,2022-11-01,Practice self-management and culture,Self-management learning series,The advice process; Roles and responsibilities,discovery; visioning; planning; startup; open,training,False,,Self-guided introduction to self-management and its core practices for teacher-led teams.,https://connected.wildflowerschools.org/posts/4840229-self-management-learning-series-virtual-classroom-welcome
post,4834855,Introduction to Self-Management and Domination Culture Module - Welcome!,353,2022-10-24,Practice self-management and culture,Self-management learning series,"Liberation, equity, and anti-bias work",discovery; visioning; planning; startup; open,training,False,,"Introductory lesson for the Self-Management Learning Series, including domination culture.",https://connected.wildflowerschools.org/posts/4834855-introduction-to-self-management-and-domination-culture-module-welcome
post,4834880,Introduction to Domination Culture,267,2022-10-24,Practice self-management and culture,Self-management learning series,"Liberation, equity, and anti-bias work; Radical transparency and wholeness",open,training,False,,Self-management learning module introducing domination culture and its relationship to liberation work.,https://connected.wildflowerschools.org/posts/4834880-introduction-to-domination-culture
post,4834909,Introduction to Self-Management and Domination Culture Module - Closing,186,2022-11-01,Practice self-management and culture,Self-management learning series,,discovery; visioning; planning; startup; open,training,False,,Closing lesson in the introductory self-management learning series.,https://connected.wildflowerschools.org/posts/4834909-introduction-to-self-management-and-domination-culture-module-closing
post,4836870,Staying Present With Strong Emotions,107,2022-10-24,Practice self-management and culture,Self-management learning series,"Conflict resolution; Liberation, equity, and anti-bias work",open,training,False,,Self-management training lesson on staying present with strong emotions and understanding clean pain.,https://connected.wildflowerschools.org/posts/4836870-staying-present-with-strong-emotions
post,4845801,Self-Management Learning Series: Request a Facilitated Training,87,2022-10-31,Practice self-management and culture,Self-management learning series,The advice process; Roles and responsibilities,planning; startup; open,training,False,,Request form and overview for facilitated self-management learning series modules.,https://connected.wildflowerschools.org/posts/4845801-self-management-learning-series-request-a-facilitated-training
post,4836975,On Withholding,76,2022-10-24,Practice self-management and culture,Self-management learning series,Radical transparency and wholeness,open,training,False,,Self-management learning module on recognizing and unpacking withholding.,https://connected.wildflowerschools.org/posts/4836975-on-withholding
post,4837158,Self-Management in Practice: Common Challenges,71,2022-10-24,Practice self-management and culture,Self-management learning series,"Liberation, equity, and anti-bias work",startup; open,training,False,,Self-management learning module on recognizing and working through common team challenges.,https://connected.wildflowerschools.org/posts/4837158-self-management-in-practice-common-challenges
post,4837128,Integration Module - Recall,59,2024-02-13,Practice self-management and culture,Self-management learning series,Radical transparency and wholeness,discovery; visioning; planning; startup; open,training,False,,Reflection lesson from the Self-Management Learning Series on applying the team's learning.,https://connected.wildflowerschools.org/posts/4837128-integration-module-recall
post,4566963,"Meditations in Meetings: Collection of Third Things and Reflection Prompts, By Topic ",35,2022-02-22,Practice self-management and culture,Self-management learning series,"Radical transparency and wholeness; Meetings: agendas, minutes, notice, first four meetings",planning; startup; open,training,False,,"Reflection prompts and third things to support presence, wholeness, and self-management in meetings.",https://connected.wildflowerschools.org/posts/4566963-meditations-in-meetings-collection-of-third-things-and-reflection-prompts-by-to
post,4837030,Integration Module - Welcome,35,2022-10-24,Practice self-management and culture,Self-management learning series,Radical transparency and wholeness,discovery; visioning; planning; startup; open,training,False,,Self-Management Learning Series lesson on navigating uncertainty and integrating learning through community.,https://connected.wildflowerschools.org/posts/4837030-integration-module-welcome
post,4837171,Integration Module - Commitments and Closing,35,2024-02-13,Practice self-management and culture,Self-management learning series,Radical transparency and wholeness,discovery; visioning; planning; startup; open,training,False,,"Self-management learning module focused on team commitments, accountability, and closing reflection.",https://connected.wildflowerschools.org/posts/4837171-integration-module-commitments-and-closing
post,4530850,"The Wildflower ""Default to Yes"" Culture by Sep Kamvar",32,2022-02-22,Practice self-management and culture,Self-management learning series,The principles and purpose; The advice process,discovery; visioning; planning; startup; open,training,False,,Essay explaining Wildflower’s default-to-yes approach to self-management and new ideas.,https://connected.wildflowerschools.org/posts/4530850-the-wildflower-default-to-yes-culture-by-sep-kamvar
post,4566936,Four Skills and Three Practices to Support Self-Management by Dina Amsterdam,17,2022-02-22,Practice self-management and culture,Self-management learning series,Radical transparency and wholeness,open,training,False,,"Self-guided Inner Yoga modules for developing awareness, kindness, breath, ease, and embodied communication in self-management.",https://connected.wildflowerschools.org/posts/4566936-four-skills-and-three-practices-to-support-self-management-by-dina-amsterdam
post,4548983,Video: Make Old and New Assumptions Explicit from Frederic Laloux's Insights for the Journey Series,13,2022-03-09,Practice self-management and culture,Self-management learning series,The principles and purpose,discovery; visioning; planning; startup; open,link,False,,Video introducing old and new assumptions for self-management and organizational transformation.,https://connected.wildflowerschools.org/posts/4548983-video-make-old-and-new-assumptions-explicit-from-frederic-laloux-s-insights-for
post,4560541,Time Management Professional Development: Getting Things Done,13,2021-12-21,Practice self-management and culture,Self-management learning series,"Adult learning, assistants training, and exits",startup; open,training,False,,Reusable professional development presentation on time management and the Getting Things Done method.,https://connected.wildflowerschools.org/posts/4560541-time-management-professional-development-getting-things-done
post,4567003,The Enneagram: Overview and Resources,9,2022-02-22,Practice self-management and culture,Self-management learning series,Radical transparency and wholeness,discovery; visioning; planning; startup; open,training,False,,Self-reflection resources for understanding personal motivations and improving relationships.,https://connected.wildflowerschools.org/posts/4567003-the-enneagram-overview-and-resources
post,4571108,Quote: Meister Eckhart on Inner Work,356,2022-02-22,Practice self-management and culture,Radical transparency and wholeness,The principles and purpose,open,other,True,Originally published in 2017 and preserved as an older quote post.,"Quote about the relationship between inner work, wholeness, and outward practice.",https://connected.wildflowerschools.org/posts/4571108-quote-meister-eckhart-on-inner-work
post,4571099,"Quote: Rumi, on humility",306,2022-02-22,Practice self-management and culture,Radical transparency and wholeness,The principles and purpose,discovery; visioning; planning; startup; open,other,False,,A reflective Rumi quote about humility and wholeness in Wildflower culture.,https://connected.wildflowerschools.org/posts/4571099-quote-rumi-on-humility
post,4410008,Radical Transparency,196,2021-08-05,Practice self-management and culture,Radical transparency and wholeness,The principles and purpose,planning; startup; open,policy,False,,"Guidance on radical transparency, information sharing, and privacy boundaries across the Wildflower ecosystem.",https://connected.wildflowerschools.org/posts/4410008-radical-transparency
post,4411286,Our Approach to Wholeness,152,2021-08-06,Practice self-management and culture,Radical transparency and wholeness,"The principles and purpose; Liberation, equity, and anti-bias work",discovery; visioning; planning; startup; open,training,False,,"Explains Wildflower’s approach to wholeness, authenticity, and bringing the whole person to the work.",https://connected.wildflowerschools.org/posts/4411286-our-approach-to-wholeness
post,4836950,Information Is Sunshine,118,2022-10-24,Practice self-management and culture,Radical transparency and wholeness,Self-management learning series,planning; startup; open,training,False,,Self-management lesson and activity for practicing radical transparency on a school team.,https://connected.wildflowerschools.org/posts/4836950-information-is-sunshine
post,4836986,Radical Transparency Module - Tips and Closing,66,2022-11-01,Practice self-management and culture,Radical transparency and wholeness,Self-management learning series,open,training,False,,Closing lesson in the Self-Management Learning Series focused on radical transparency tips and practice.,https://connected.wildflowerschools.org/posts/4836986-radical-transparency-module-tips-and-closing
post,4836912,Radical Transparency Module - Welcome,65,2022-10-24,Practice self-management and culture,Radical transparency and wholeness,Self-management learning series,open,training,False,,Opening lesson in the self-management learning series on radical transparency and information flow.,https://connected.wildflowerschools.org/posts/4836912-radical-transparency-module-welcome
post,4516185,The Braving Inventory: Seven Elements of Trust by Brene Brown,15,2021-11-04,Practice self-management and culture,Radical transparency and wholeness,"Liberation, equity, and anti-bias work",open,training,True,Dated session material from an April 2021 Equity Steward COP.,Training resource on Brené Brown’s seven elements of trust for equity and culture work.,https://connected.wildflowerschools.org/posts/4516185-the-braving-inventory-seven-elements-of-trust-by-brene-brown
post,4566939,Meditations in Meetings: Guidance and Ideas,13,2022-01-03,Practice self-management and culture,Radical transparency and wholeness,"Meetings: agendas, minutes, notice, first four meetings; Self-management learning series",planning; startup; open,guide,False,,"Guidance for using meditation, silence, and reflection to help meetings begin with presence and wholeness.",https://connected.wildflowerschools.org/posts/4566939-meditations-in-meetings-guidance-and-ideas
post,4567026,Guided Meditation Recommendations,11,2022-02-22,Practice self-management and culture,Radical transparency and wholeness,"Liberation, equity, and anti-bias work",open,directory,False,,"Collection of guided meditation and mindfulness resources supporting wholeness, resilience, and self-compassion.",https://connected.wildflowerschools.org/posts/4567026-guided-meditation-recommendations
post,4549105,"Podcast: Brene on Strong Backs, Soft Fronts, and Wild Hearts",5,2022-03-07,Practice self-management and culture,Radical transparency and wholeness,Self-management learning series,open,link,False,,"Podcast episode about practicing courage, vulnerability, and wholeness in community.",https://connected.wildflowerschools.org/posts/4549105-podcast-brene-on-strong-backs-soft-fronts-and-wild-hearts
post,4395961,Admissions - answering tough questions by families,62,2021-07-26,Enroll and welcome families,"Family communications (accepted, waitlist, re-enrollment)","Info sessions, local partnerships, and media; Family education and Montessori 101",visioning; planning; startup; open,training,False,,Webinar guidance for answering difficult family questions and building trust during admissions conversations.,https://connected.wildflowerschools.org/posts/4395961-admissions-answering-tough-questions-by-families
post,4786856,Enrollment Turnover Communication Example from The Dahlia School of SF,58,2022-08-22,Enroll and welcome families,"Family communications (accepted, waitlist, re-enrollment)",Enrollment agreements and forms; Enrollment playbooks and recruitment plans,startup; open,example,False,,Sample email for communicating an available space to enrolled and prospective families after enrollment turnover.,https://connected.wildflowerschools.org/posts/4786856-enrollment-turnover-communication-example-from-the-dahlia-school-of-sf
post,4560242,Tuition Change Family Communication: Tips and Examples,44,2022-02-22,Enroll and welcome families,"Family communications (accepted, waitlist, re-enrollment)",Setting tuition and flexible tuition; Family handbooks,open,example,False,,Examples and guidance for communicating tuition changes to enrolled families.,https://connected.wildflowerschools.org/posts/4560242-tuition-change-family-communication-tips-and-examples
post,4395982,Re-enrollment Family Communication Example from Wildflower Montessori,37,2022-02-23,Enroll and welcome families,"Family communications (accepted, waitlist, re-enrollment)",Enrollment agreements and forms; Transparent Classroom,open,example,False,,"Example family email explaining the re-enrollment process, contract, and deposit.",https://connected.wildflowerschools.org/posts/4395982-re-enrollment-family-communication-example-from-wildflower-montessori
post,4395486,Accepted Family Communication example from Wildflower Montessori,27,2022-02-23,Enroll and welcome families,"Family communications (accepted, waitlist, re-enrollment)",Enrollment agreements and forms,startup; open,example,False,,Example acceptance letter and communication for newly enrolled families.,https://connected.wildflowerschools.org/posts/4395486-accepted-family-communication-example-from-wildflower-montessori
post,4395953,Re-enrollment Family Communication Example from Wild Rose,26,2022-02-23,Enroll and welcome families,"Family communications (accepted, waitlist, re-enrollment)",Financial aid and subsidies,open,example,False,,Example re-enrollment messages communicating tuition assistance decisions to current families.,https://connected.wildflowerschools.org/posts/4395953-re-enrollment-family-communication-example-from-wild-rose
post,4395534,Accepted Family Communication Example from Wild Rose,26,2022-02-23,Enroll and welcome families,"Family communications (accepted, waitlist, re-enrollment)",Enrollment agreements and forms; Transparent Classroom,startup; open,example,False,,"Example acceptance email explaining enrollment documents, tuition deposit, and Transparent Classroom setup.",https://connected.wildflowerschools.org/posts/4395534-accepted-family-communication-example-from-wild-rose
post,4395960,Accepted Family Communication Example from Alyssum,21,2022-02-23,Enroll and welcome families,"Family communications (accepted, waitlist, re-enrollment)",Enrollment agreements and forms,startup; open,example,False,,"Example accepted-family message explaining admissions decisions, waitlisting, and next enrollment steps.",https://connected.wildflowerschools.org/posts/4395960-accepted-family-communication-example-from-alyssum
post,4560289,Conference sign-up Template,16,2022-02-22,Enroll and welcome families,"Family communications (accepted, waitlist, re-enrollment)","Montessori practice, observation, and assessment",open,template,False,,Template for organizing parent-teacher conference sign-ups.,https://connected.wildflowerschools.org/posts/4560289-conference-sign-up-template
post,4395489,Waitlisted Family Communication Example from Wildflower Montessori,15,2022-02-23,Enroll and welcome families,"Family communications (accepted, waitlist, re-enrollment)",Enrollment agreements and forms,startup; open,example,False,,Example communication for families placed on an enrollment waitlist.,https://connected.wildflowerschools.org/posts/4395489-waitlisted-family-communication-example-from-wildflower-montessori
post,4592594,"Podcasts for Parents, Teachers, and Liberators, a list of recommendations",41,2022-02-22,Enroll and welcome families,Family education and Montessori 101,"Liberation, equity, and anti-bias work",startup; open,directory,False,,"Curated podcast recommendations for family education, parenting, and liberation.",https://connected.wildflowerschools.org/posts/4592594-podcasts-for-parents-teachers-and-liberators-a-list-of-recommendations
post,4569242,News Article: Montessori Children Often Turn into Happy Adults  (Psychology Today),24,2022-02-22,Enroll and welcome families,Family education and Montessori 101,Wildflower in the news,discovery; visioning; planning; startup; open,news,False,,Article for sharing Montessori perspectives and family education resources.,https://connected.wildflowerschools.org/posts/4569242-news-article-montessori-children-often-turn-into-happy-adults-psychology-today
post,4531009,Montessori vs. Conventional (Montessori 101),17,2022-02-22,Enroll and welcome families,Family education and Montessori 101,"Montessori practice, observation, and assessment",visioning; startup; open,training,False,,Montessori 101 presentation comparing Montessori and conventional education for families and partners.,https://connected.wildflowerschools.org/posts/4531009-montessori-vs-conventional-montessori-101
post,4531015,Montessori vs. Convention (Montessori 101) en Español,12,2022-02-22,Enroll and welcome families,Family education and Montessori 101,"Montessori practice, observation, and assessment",startup; open,training,False,,Spanish Montessori 101 presentation for educating enrolled and prospective families.,https://connected.wildflowerschools.org/posts/4531015-montessori-vs-convention-montessori-101-en-espanol
post,4527281,Infant's Physical Development brochure,9,2022-02-22,Enroll and welcome families,Family education and Montessori 101,,startup; open,link,False,,Parent-education brochure on infant physical-development milestones.,https://connected.wildflowerschools.org/posts/4527281-infant-s-physical-development-brochure
post,4396627,Enrollment Agreement Form,179,2022-02-22,Enroll and welcome families,Enrollment agreements and forms,,planning; startup; open,template,False,,Template enrollment agreement for charter pre-K and independent schools.,https://connected.wildflowerschools.org/posts/4396627-enrollment-agreement-form
post,4929795,Wildflower Sensible Default Applications on Transparent Classroom,107,2023-01-24,Enroll and welcome families,Enrollment agreements and forms,Transparent Classroom,startup; open,template,False,,"Sensible default enrollment application templates for independent and charter schools, including Spanish and income questions.",https://connected.wildflowerschools.org/posts/4929795-wildflower-sensible-default-applications-on-transparent-classroom
post,4560228,School Photo & Media Release Form,67,2023-01-24,Enroll and welcome families,Enrollment agreements and forms,"Transparent Classroom; Website, social media, and online ads",startup; open,template,False,,"Photo and media consent form for families, available through Transparent Classroom.",https://connected.wildflowerschools.org/posts/4560228-school-photo-media-release-form
post,4396633,Before and After Care Enrollment Form,62,2021-07-27,Enroll and welcome families,Enrollment agreements and forms,"Family communications (accepted, waitlist, re-enrollment)",startup; open,template,False,,Enrollment contract template for before- and after-care programs.,https://connected.wildflowerschools.org/posts/4396633-before-and-after-care-enrollment-form
post,4396656,Charter K-12 Enrollment Forms (English),37,2021-07-27,Enroll and welcome families,Enrollment agreements and forms,Charter-specific compliance,startup; open,template,False,,Enrollment form template for charter school families after the lottery.,https://connected.wildflowerschools.org/posts/4396656-charter-k-12-enrollment-forms-english
post,4396637,Acuerdo de Matrícula (enrollment contract),37,2022-01-25,Enroll and welcome families,Enrollment agreements and forms,"Family communications (accepted, waitlist, re-enrollment); Charter-specific compliance",planning; startup; open,template,False,,Spanish enrollment contract template for charter and independent schools.,https://connected.wildflowerschools.org/posts/4396637-acuerdo-de-matricula-enrollment-contract
post,4396666,Charter K-12 Enrollment Forms (Spanish),34,2021-08-02,Enroll and welcome families,Enrollment agreements and forms,Charter-specific compliance,planning; startup,template,False,,Spanish enrollment form template for charter K–12 students after the lottery.,https://connected.wildflowerschools.org/posts/4396666-charter-k-12-enrollment-forms-spanish
post,4395976,Guidance related to 2020-21 Enrollment Contracts (COVID response),27,2022-02-22,Enroll and welcome families,Enrollment agreements and forms,"Family communications (accepted, waitlist, re-enrollment); COVID-era guidance",startup; open,template,True,COVID-era guidance for 2020–21 enrollment contracts has been superseded by current enrollment practices.,COVID-era enrollment contract amendment guidance and template for families.,https://connected.wildflowerschools.org/posts/4395976-guidance-related-to-2020-21-enrollment-contracts-covid-response
post,4396648,"Formulario de Matrícula para Cuido Antes y Después del Horario Escolar Regular
(Before and after care enrollment form)",25,2021-07-27,Enroll and welcome families,Enrollment agreements and forms,,startup; open,template,False,,Spanish enrollment form for before- and after-school care.,https://connected.wildflowerschools.org/posts/4396648-formulario-de-matricula-para-cuido-antes-y-despues-del-horario-escolar-regular-
post,4589288,Formulario de Matrícula para Cuido Antes y Después del Horario Escolar Regular,17,2022-01-25,Enroll and welcome families,Enrollment agreements and forms,,startup; open,template,False,,Spanish enrollment form for families using before- and after-school care.,https://connected.wildflowerschools.org/posts/4589288-formulario-de-matricula-para-cuido-antes-y-despues-del-horario-escolar-regular
post,4589273,Acuerdo de Matrícula,6,2022-01-25,Enroll and welcome families,Enrollment agreements and forms,"Family communications (accepted, waitlist, re-enrollment)",startup; open,template,False,,"Spanish enrollment contract template for families, including COVID-era stipulations.",https://connected.wildflowerschools.org/posts/4589273-acuerdo-de-matricula
post,4560248,Snapdragon Parent Handbook,207,2021-12-21,Enroll and welcome families,Family handbooks,Enrollment agreements and forms; Family education and Montessori 101,startup; open,example,False,,Example parent handbook for a Massachusetts toddler program.,https://connected.wildflowerschools.org/posts/4560248-snapdragon-parent-handbook
post,4770402,Magnolia Blossom Family Handbook,179,2022-08-03,Enroll and welcome families,Family handbooks,"Family communications (accepted, waitlist, re-enrollment); Family education and Montessori 101",startup; open,example,False,,Example family handbook from Magnolia Blossom covering enrollment communications and school expectations.,https://connected.wildflowerschools.org/posts/4770402-magnolia-blossom-family-handbook
post,4560255,Wild Rose Family Handbook,165,2021-12-21,Enroll and welcome families,Family handbooks,"Family communications (accepted, waitlist, re-enrollment); Family education and Montessori 101",startup; open,example,True,This is a 2021–2022 family handbook and is a dated school-year example.,Example family handbook from Wild Rose for adapting enrollment policies and family guidance.,https://connected.wildflowerschools.org/posts/4560255-wild-rose-family-handbook
post,4560250,Snowdrop Parent Handbook,118,2022-01-10,Enroll and welcome families,Family handbooks,"Enrollment agreements and forms; Safety, health, and compliance policies",startup; open,example,True,This is a 2017 version of a parent handbook and is a past snapshot.,Example Massachusetts toddler parent handbook from Snowdrop.,https://connected.wildflowerschools.org/posts/4560250-snowdrop-parent-handbook
post,4560253,Sweet Pea Family Handbook,108,2021-12-21,Enroll and welcome families,Family handbooks,"Enrollment agreements and forms; Safety, health, and compliance policies",startup; open,example,False,,"Example family handbook from a Minnesota Wildflower school, useful for adapting enrollment information and school policies.",https://connected.wildflowerschools.org/posts/4560253-sweet-pea-family-handbook
post,4544326,Introduction to Bookkeeping + Resources,273,2024-02-19,"Budget, tuition, and finances","Bookkeeping, QuickBooks, and chart of accounts",Building and using your budget,planning; startup; open,guide,False,,"Introduction to school bookkeeping, QuickBooks, transaction recording, and bookkeeper responsibilities.",https://connected.wildflowerschools.org/posts/4544326-introduction-to-bookkeeping-resources
post,5333705,"QBO Basics - ""How to"" Recommendations by Wildflower",243,2024-02-19,"Budget, tuition, and finances","Bookkeeping, QuickBooks, and chart of accounts",Building and using your budget,planning; startup; open,training,False,,"QuickBooks tutorials cover setup, budgeting, financial reports, and parent invoicing.",https://connected.wildflowerschools.org/posts/5333705-qbo-basics-how-to-recommendations-by-wildflower
post,4544376,Wildflower Chart of Accounts,94,2021-12-06,"Budget, tuition, and finances","Bookkeeping, QuickBooks, and chart of accounts",Building and using your budget,planning; startup; open,guide,False,,"Shared chart of accounts for bookkeeping, budgets, loan applications, and board reports.",https://connected.wildflowerschools.org/posts/4544376-wildflower-chart-of-accounts
post,4544330,Bookkeeping Glossary/Definitions,67,2021-12-06,"Budget, tuition, and finances","Bookkeeping, QuickBooks, and chart of accounts",Vocabulary and definitions,planning; startup; open,guide,False,,Glossary defining bookkeeping and accounting terms for school finance work.,https://connected.wildflowerschools.org/posts/4544330-bookkeeping-glossary-definitions
post,4612223,School Startup Budget Tools,446,2023-02-02,"Budget, tuition, and finances",Building and using your budget,What it costs to start and open; How the School Startup Journey works,visioning; planning; startup; open,guide,False,,Guidance and exercises for building a Wildflower school budget across the School Startup Journey.,https://connected.wildflowerschools.org/posts/4612223-school-startup-budget-tools
post,4989772,Sample School Board Budget Summary - Annual Budget - Existing Independent Schools,220,2025-06-16,"Budget, tuition, and finances",Building and using your budget,"Meetings: agendas, minutes, notice, first four meetings",open,template,False,,"Sample board-facing summary for presenting an annual school budget, risks, and financial levers.",https://connected.wildflowerschools.org/posts/4989772-sample-school-board-budget-summary-annual-budget-existing-independent-schools
post,4420775,5 Big Levers in a Wildflower School Budget,205,2021-08-16,"Budget, tuition, and finances",Building and using your budget,What it costs to start and open,planning; startup; open,training,False,,Training on the key budget levers that shape a Wildflower school’s finances.,https://connected.wildflowerschools.org/posts/4420775-5-big-levers-in-a-wildflower-school-budget
post,5019960,Template Business Plan for Wildflower Schools,189,2023-03-30,"Budget, tuition, and finances",Building and using your budget,"What it costs to start and open; Leases, guaranties, and legal review",visioning; planning; startup,template,False,,Business plan templates for estimating school costs and supporting funding or lease applications.,https://connected.wildflowerschools.org/posts/5019960-template-business-plan-for-wildflower-schools
post,4989785,Sample School Board Budget Summary - New Independent Schools - Multi-year,153,2025-09-02,"Budget, tuition, and finances",Building and using your budget,"Meetings: agendas, minutes, notice, first four meetings",planning; startup,example,False,,Sample multi-year budget summary for explaining financial levers and risks to the board.,https://connected.wildflowerschools.org/posts/4989785-sample-school-board-budget-summary-new-independent-schools-multi-year
post,4537747,Budget Planning Exercises,150,2023-04-21,"Budget, tuition, and finances",Building and using your budget,What it costs to start and open,planning; startup; open,template,False,,"Exercises for modeling enrollment, revenue, staffing, compensation, and facilities in a school budget.",https://connected.wildflowerschools.org/posts/4537747-budget-planning-exercises
post,4537916,Using your financial data to make budget decisions WEBINAR,82,2022-02-22,"Budget, tuition, and finances",Building and using your budget,Financial aid and subsidies,planning; startup; open,training,True,Recorded webinar from November 2021 with dated financial guidance.,Webinar on using budget data to make spending decisions without immediately cutting salaries or financial aid.,https://connected.wildflowerschools.org/posts/4537916-using-your-financial-data-to-make-budget-decisions-webinar
post,4420882,Building a Wildflower School Budget Overview,63,2022-02-15,"Budget, tuition, and finances",Building and using your budget,What it costs to start and open,planning; startup; open,training,False,,Overview training on building and using a Wildflower school budget.,https://connected.wildflowerschools.org/posts/4420882-building-a-wildflower-school-budget-overview
post,4432285,"De-mystifying Finance for Wildflower Schools, Recorded ETL Gathering ",46,2022-02-22,"Budget, tuition, and finances",Building and using your budget,"How the School Startup Journey works; Past gatherings, session notes, and dated reports",planning; startup; open,training,False,,Recorded training that demystifies core financial concepts for emerging Wildflower school leaders.,https://connected.wildflowerschools.org/posts/4432285-de-mystifying-finance-for-wildflower-schools-recorded-etl-gathering
post,4594746,Minnesota Wildflower Montessori School (MWMS): Charter Finance Board Training Slides,42,2022-02-22,"Budget, tuition, and finances",Building and using your budget,"Board health, reflection, and training; Charter-specific compliance",planning; open,training,True,Dated 2021 training materials may no longer reflect current finance or charter guidance.,Training slides on charter-school budgeting and finance operations for the Minnesota school board.,https://connected.wildflowerschools.org/posts/4594746-minnesota-wildflower-montessori-school-mwms-charter-finance-board-training-slid
post,5920980,Business Plan Worksheet,33,2026-01-15,"Budget, tuition, and finances",Building and using your budget,"Meetings: agendas, minutes, notice, first four meetings; Fundraising campaigns and donor communications",visioning; planning; startup; open,template,False,,Worksheet for boards to discuss and document a school’s long-term operating plan and financial sustainability.,https://connected.wildflowerschools.org/posts/5920980-business-plan-worksheet
post,5640131,Sample School Board Budget Summary - Existing Charter School,27,2025-09-02,"Budget, tuition, and finances",Building and using your budget,"Meetings: agendas, minutes, notice, first four meetings",open,example,False,,Sample annual budget summary for explaining financial levers and risks to an existing school’s board.,https://connected.wildflowerschools.org/posts/5640131-sample-school-board-budget-summary-existing-charter-school
post,5640141,Sample School Board Budget Summary - New Charter Schools - Multi-year,24,2025-09-02,"Budget, tuition, and finances",Building and using your budget,"Meetings: agendas, minutes, notice, first four meetings; Charter-specific compliance",planning; startup; open,example,False,,Sample multi-year budget summary for presenting key financial levers and risks to a school board.,https://connected.wildflowerschools.org/posts/5640141-sample-school-board-budget-summary-new-charter-schools-multi-year
post,4639871,FAST: a Tuition Determination / Financial Aid Assessment Platform ,147,2022-07-12,"Budget, tuition, and finances",Financial aid and subsidies,Setting tuition and flexible tuition; Vendors and network discounts,planning; startup; open,directory,False,,"Overview of FAST, a third-party platform for determining flexible tuition and financial aid.",https://connected.wildflowerschools.org/posts/4639871-fast-a-tuition-determination-financial-aid-assessment-platform
post,4756196,Minnesota School Funding Streams,108,2022-07-19,"Budget, tuition, and finances",Financial aid and subsidies,Outside grants and grant writing; Licensing by state,planning; startup; open,guide,False,,Minnesota-specific guidance on accessing CCAP subsidies and other school funding streams for eligible families.,https://connected.wildflowerschools.org/posts/4756196-minnesota-school-funding-streams
post,4425988,Student Scholarship [Resources] Platforms and Application Template,102,2022-02-22,"Budget, tuition, and finances",Financial aid and subsidies,Enrollment agreements and forms,planning; startup; open,template,False,,Scholarship management platforms and a tuition scholarship application template.,https://connected.wildflowerschools.org/posts/4425988-student-scholarship-resources-platforms-and-application-template
post,4697236,Financial Assistance Process Example from Sweet Pea Montessori,90,2022-05-17,"Budget, tuition, and finances",Financial aid and subsidies,Enrollment agreements and forms,planning; startup; open,example,False,,"Example financial assistance application process, eligibility thresholds, and tuition discounts.",https://connected.wildflowerschools.org/posts/4697236-financial-assistance-process-example-from-sweet-pea-montessori
post,4697237,Financial Aid Process Example and Award Letter Template from River Montessori High School,61,2024-03-11,"Budget, tuition, and finances",Financial aid and subsidies,Enrollment agreements and forms; Setting tuition and flexible tuition,planning; startup; open,example,False,,"Example financial aid calculations, application materials, and an award letter template from another Montessori school.",https://connected.wildflowerschools.org/posts/4697237-financial-aid-process-example-and-award-letter-template-from-river-montessori-h
post,4594717,Tuition Assistance Options in Minnesota,7,2022-02-03,"Budget, tuition, and finances",Financial aid and subsidies,QRIS and quality ratings,planning; startup; open,guide,False,,"Overview of Minnesota tuition assistance programs, eligibility, provider requirements, and funding pathways.",https://connected.wildflowerschools.org/posts/4594717-tuition-assistance-options-in-minnesota
post,4595786,Public Funding for Minnesota Schools,4,2022-02-02,"Budget, tuition, and finances",Financial aid and subsidies,QRIS and quality ratings; Outside grants and grant writing,planning; startup; open,guide,False,,Overview of Minnesota public funding sources and tuition assistance for schools and families.,https://connected.wildflowerschools.org/posts/4595786-public-funding-for-minnesota-schools
post,4438418,Sensible Default Finance Roles and Responsibilities for a Wildflower School Site,312,2022-02-25,"Budget, tuition, and finances","Fiscal policies, audits, and the 990","Bookkeeping, QuickBooks, and chart of accounts; Board policies (conflict of interest, nepotism, whistleblower, retention)",planning; startup; open,template,False,,Sensible default template defining finance roles and responsibilities for a school site.,https://connected.wildflowerschools.org/posts/4438418-sensible-default-finance-roles-and-responsibilities-for-a-wildflower-school-sit
post,4429118,Annotated Wildflower Fiscal Policies and Procedures Template,255,2022-03-09,"Budget, tuition, and finances","Fiscal policies, audits, and the 990","Board policies (conflict of interest, nepotism, whistleblower, retention)",planning; startup; open,template,False,,Annotated template for customizing fiscal policies and taking them to the board for approval.,https://connected.wildflowerschools.org/posts/4429118-annotated-wildflower-fiscal-policies-and-procedures-template
post,4438291,Fiscal Policies and Procedures Overview,252,2022-09-08,"Budget, tuition, and finances","Fiscal policies, audits, and the 990","Board policies (conflict of interest, nepotism, whistleblower, retention); Bookkeeping, QuickBooks, and chart of accounts",planning; startup; open,policy,False,,"Customizable fiscal policies template and overview for board fiduciary oversight, compliance, and fraud prevention.",https://connected.wildflowerschools.org/posts/4438291-fiscal-policies-and-procedures-overview
post,4802403,Interim (Short Version) Annotated Wildflower Fiscal Policies and Procedures Template,97,2022-09-08,"Budget, tuition, and finances","Fiscal policies, audits, and the 990","Board policies (conflict of interest, nepotism, whistleblower, retention); Bylaws, EIN, bank account, insurance",startup; open,template,False,,Interim fiscal policies template for establishing financial controls and obtaining board approval.,https://connected.wildflowerschools.org/posts/4802403-interim-short-version-annotated-wildflower-fiscal-policies-and-procedures-templ
post,5353920,TWF Purchasing Policies - Summary,87,2024-03-11,"Budget, tuition, and finances","Fiscal policies, audits, and the 990",Vendors and network discounts; Working for the Foundation and internal process,planning; startup; open,policy,False,,"Summary of purchasing requirements, competitive bidding, and documentation for school spending.",https://connected.wildflowerschools.org/posts/5353920-twf-purchasing-policies-summary
post,4438389,Annotations only from the Fiscal Policies Template,52,2022-08-04,"Budget, tuition, and finances","Fiscal policies, audits, and the 990","Bookkeeping, QuickBooks, and chart of accounts",planning; startup; open,template,False,,"Annotated links and guidance for developing fiscal policies, internal controls, audits, and accounting practices.",https://connected.wildflowerschools.org/posts/4438389-annotations-only-from-the-fiscal-policies-template
post,4438343,Fiscal Policy Example: ExEd,41,2021-09-01,"Budget, tuition, and finances","Fiscal policies, audits, and the 990","Board policies (conflict of interest, nepotism, whistleblower, retention)",planning; open,example,False,,Example fiscal policies and procedures handbook from a charter-school back-office provider.,https://connected.wildflowerschools.org/posts/4438343-fiscal-policy-example-exed
post,4438353,Fiscal Policy Example: Compass Point Nonprofit Services,40,2022-01-10,"Budget, tuition, and finances","Fiscal policies, audits, and the 990","Board policies (conflict of interest, nepotism, whistleblower, retention)",planning; open,example,False,,Example fiscal policies and an internal controls checklist for nonprofit school operations.,https://connected.wildflowerschools.org/posts/4438353-fiscal-policy-example-compass-point-nonprofit-services
post,5642190,Wildflower Charter Schools Recommended Finance Responsibilities,40,2025-06-19,"Budget, tuition, and finances","Fiscal policies, audits, and the 990","Bookkeeping, QuickBooks, and chart of accounts; Board policies (conflict of interest, nepotism, whistleblower, retention)",planning; startup; open,template,False,,Template grid for assigning finance roles and accountabilities in a charter school.,https://connected.wildflowerschools.org/posts/5642190-wildflower-charter-schools-recommended-finance-responsibilities
post,4438324,Fiscal Policy Example: DC Public Charter School Board,33,2021-09-01,"Budget, tuition, and finances","Fiscal policies, audits, and the 990","Board policies (conflict of interest, nepotism, whistleblower, retention); Charter-specific compliance",planning; open,example,False,,Example of financial oversight and internal controls for a DC charter school application.,https://connected.wildflowerschools.org/posts/4438324-fiscal-policy-example-dc-public-charter-school-board
post,4438334,Fiscal Policy Example: North Carolina Department of Public Instruction,33,2021-09-01,"Budget, tuition, and finances","Fiscal policies, audits, and the 990","Board policies (conflict of interest, nepotism, whistleblower, retention); Board health, reflection, and training",planning; open,example,False,,Example fiscal policies and board financial oversight practices from North Carolina charter schools.,https://connected.wildflowerschools.org/posts/4438334-fiscal-policy-example-north-carolina-department-of-public-instruction
post,4438306,Fiscal Policy Example: Massachusetts Wildflower Audit Management Letter,32,2021-09-01,"Budget, tuition, and finances","Fiscal policies, audits, and the 990","Board policies (conflict of interest, nepotism, whistleblower, retention)",planning; open,example,False,,Example Massachusetts audit management letter highlighting fiscal policies and procedures auditors expect.,https://connected.wildflowerschools.org/posts/4438306-fiscal-policy-example-massachusetts-wildflower-audit-management-letter
post,4438326,Fiscal Policy Example: Minnesota Council of Nonprofits,23,2021-09-01,"Budget, tuition, and finances","Fiscal policies, audits, and the 990","Board policies (conflict of interest, nepotism, whistleblower, retention)",planning; open,example,False,,Example of nonprofit fiscal management policies and procedures.,https://connected.wildflowerschools.org/posts/4438326-fiscal-policy-example-minnesota-council-of-nonprofits
post,4538879,DC Wildflower Public Charter School (DCWPCS) Financial Policies and Procedures,18,2022-02-22,"Budget, tuition, and finances","Fiscal policies, audits, and the 990","Charter-specific compliance; Board policies (conflict of interest, nepotism, whistleblower, retention)",open,policy,False,,"Approved financial policies manual for a Washington, DC charter school.",https://connected.wildflowerschools.org/posts/4538879-dc-wildflower-public-charter-school-dcwpcs-financial-policies-and-procedures
post,4541915,School-site Operating Reserve Fund Policy Template,10,2022-02-22,"Budget, tuition, and finances","Fiscal policies, audits, and the 990",Building and using your budget,planning; startup; open,template,False,,Template for creating a school operating reserve fund policy.,https://connected.wildflowerschools.org/posts/4541915-school-site-operating-reserve-fund-policy-template
post,4541907,What is an Operating Reserve? (plus policy examples),5,2022-02-22,"Budget, tuition, and finances","Fiscal policies, audits, and the 990",Building and using your budget,planning; startup; open,guide,False,,Explains operating reserve targets and provides related fiscal policy examples.,https://connected.wildflowerschools.org/posts/4541907-what-is-an-operating-reserve-plus-policy-examples
post,4396562,Flexible Tuition Model Overview,2048,2024-03-13,"Budget, tuition, and finances",Setting tuition and flexible tuition,Financial aid and subsidies; The principles and purpose,discovery; visioning; planning; startup; open,guide,False,,Introduction to designing flexible or sliding-scale tuition models and aligning them with school access goals.,https://connected.wildflowerschools.org/posts/4396562-flexible-tuition-model-overview
post,4639886,Flexible Tuition: Setting Tuition Levels + Tiered Income-Based Tuition Calculator,545,2024-03-14,"Budget, tuition, and finances",Setting tuition and flexible tuition,Building and using your budget,planning; startup; open,template,False,,"Calculator and guidance for setting tiered, income-based tuition levels.",https://connected.wildflowerschools.org/posts/4639886-flexible-tuition-setting-tuition-levels-tiered-income-based-tuition-calculator
post,5394462,Flexible Tuition: Determining Individual Families' Tuition Levels,291,2024-04-30,"Budget, tuition, and finances",Setting tuition and flexible tuition,Financial aid and subsidies,planning; startup; open,guide,False,,"Guide to setting individual flexible tuition levels using income, individualized assessment, or financial aid software.",https://connected.wildflowerschools.org/posts/5394462-flexible-tuition-determining-individual-families-tuition-levels
post,5336381,Flexible Tuition Presentation - Gathering 2023,85,2024-02-21,"Budget, tuition, and finances",Setting tuition and flexible tuition,"Past gatherings, session notes, and dated reports",planning; startup; open,training,True,Presentation from the 2023 Gathering documenting past school examples and flexible-tuition models.,Presentation sharing Wildflower schools’ flexible-tuition models and stories.,https://connected.wildflowerschools.org/posts/5336381-flexible-tuition-presentation-gathering-2023
post,4590503,"Podcast: Reinventing Your Tuition Model (December 11, 2018)",83,2022-02-22,"Budget, tuition, and finances",Setting tuition and flexible tuition,Financial aid and subsidies,visioning; planning; startup; open,link,False,,"Podcast explaining a flexible, family-specific tuition model and how to implement it with the board and community.",https://connected.wildflowerschools.org/posts/4590503-podcast-reinventing-your-tuition-model-december-11-2018
post,5351725,NBOA article about Wildflower Flexible Tuition,56,2024-03-08,"Budget, tuition, and finances",Setting tuition and flexible tuition,Wildflower in the news,planning; startup; open,news,False,,NBOA article featuring Wildflower’s flexible tuition model.,https://connected.wildflowerschools.org/posts/5351725-nboa-article-about-wildflower-flexible-tuition
post,5078914,Observant Education: Gates Foundation Data Labeling Project,103,2023-06-06,Foundation staff and regional work,Network data and reports,,open,data,True,This is a dated 2023 report or project update.,Overview of a 2023 Foundation data-labeling project for the Gates Foundation.,https://connected.wildflowerschools.org/posts/5078914-observant-education-gates-foundation-data-labeling-project
post,4614262,2021-2022 Student Demographic and NPS Report,91,2022-07-14,Foundation staff and regional work,Network data and reports,,open,data,True,This is a dated 2021–2022 annual demographic and NPS report that has been superseded by newer reporting.,"Annual network report summarizing family demographics, income, and school experience by nation and hub.",https://connected.wildflowerschools.org/posts/4614262-2021-2022-student-demographic-and-nps-report
post,5355627,2023 Wildflower Network Demographic Snapshot and Family Survey Results,78,2024-06-27,Foundation staff and regional work,Network data and reports,,open,data,True,"This is a 2023 network demographic snapshot and family survey report, superseded by more current data.",Network-wide demographic and family survey data for understanding Wildflower families.,https://connected.wildflowerschools.org/posts/5355627-2023-wildflower-network-demographic-snapshot-and-family-survey-results
post,5144258,2022-2023 Teacher Leader Retention ,66,2023-11-30,Foundation staff and regional work,Network data and reports,"Adult learning, assistants training, and exits",open,data,True,Annual teacher-leader retention data for the 2022–23 school year has been superseded by newer reporting.,Annual report of Teacher Leader retention rates across Wildflower schools.,https://connected.wildflowerschools.org/posts/5144258-2022-2023-teacher-leader-retention
post,5041060,Wildflower 2022 Family Demographics Snapshot ,61,2023-04-20,Foundation staff and regional work,Network data and reports,,open,data,True,A dated 2022 demographic snapshot that has been superseded by newer network data.,Annual snapshot of Wildflower schools’ family demographics.,https://connected.wildflowerschools.org/posts/5041060-wildflower-2022-family-demographics-snapshot
post,4566992,2020-2021 Teacher Leader Demographic and Montessori Experience Data,59,2022-02-22,Foundation staff and regional work,Network data and reports,,open,data,True,Annual demographic and Montessori experience report for the 2020–2021 school year is a past-year snapshot.,Annual report on teacher leader demographics and Montessori experience.,https://connected.wildflowerschools.org/posts/4566992-2020-2021-teacher-leader-demographic-and-montessori-experience-data
post,5325945,Emerging School Pipeline Report,58,2025-09-02,Foundation staff and regional work,Network data and reports,How the School Startup Journey works,discovery; visioning; planning; startup; open,data,False,,Quarterly report on the Wildflower educator and school pipeline.,https://connected.wildflowerschools.org/posts/5325945-emerging-school-pipeline-report
post,4823488,2022-2023 Teacher Leader Demographics,57,2022-10-04,Foundation staff and regional work,Network data and reports,,open,data,True,A dated 2022–2023 demographic snapshot that has been superseded by newer network data.,Demographic data on Teacher Leaders across 51 open schools.,https://connected.wildflowerschools.org/posts/4823488-2022-2023-teacher-leader-demographics
post,5089657,Family Survey: Year over year comparison,46,2023-06-19,Foundation staff and regional work,Network data and reports,"Past gatherings, session notes, and dated reports",open,data,True,A year-over-year summary of completed past family surveys is a dated historical data snapshot.,Year-over-year summary data from Wildflower family surveys.,https://connected.wildflowerschools.org/posts/5089657-family-survey-year-over-year-comparison
post,4566788,Teacher Leader Retention Report,45,2022-09-30,Foundation staff and regional work,Network data and reports,"Adult learning, assistants training, and exits",open,data,True,A dated FY2022 retention metric and report snapshot.,Annual data report measuring teacher leader retention across the network.,https://connected.wildflowerschools.org/posts/4566788-teacher-leader-retention-report
post,4626919,2020 Teacher Leader Survey & Summary ,32,2022-03-02,Foundation staff and regional work,Network data and reports,,open,data,True,A 2020 survey summary is a dated historical report and may not reflect current network data.,Summary of survey data about Wildflower teacher leaders.,https://connected.wildflowerschools.org/posts/4626919-2020-teacher-leader-survey-summary
post,4761491,2021 Student Retention Summary,29,2022-07-25,Foundation staff and regional work,Network data and reports,,open,data,True,Annual student retention data from 2021 is a dated snapshot and may be superseded by newer reports.,Annual report summarizing student retention metrics.,https://connected.wildflowerschools.org/posts/4761491-2021-student-retention-summary
post,4566986,2020-2021 Student Demographics & NPS Report,26,2022-01-03,Foundation staff and regional work,Network data and reports,,open,data,True,Annual student demographics and NPS report for the 2020–2021 school year is a dated historical snapshot.,Annual report of student demographics and family NPS data.,https://connected.wildflowerschools.org/posts/4566986-2020-2021-student-demographics-nps-report
post,4567042,2019 Time Tracking Study,22,2022-08-04,Foundation staff and regional work,Network data and reports,,open,data,True,A dated 2019 time-tracking study and historical snapshot.,Historical study of how school teams spend their time.,https://connected.wildflowerschools.org/posts/4567042-2019-time-tracking-study
post,4567029,Income Levels for Family Survey,21,2022-01-03,Foundation staff and regional work,Network data and reports,Financial aid and subsidies,discovery; visioning; planning; startup; open,data,False,,Reference data for understanding family income levels using FRL and HUD measures.,https://connected.wildflowerschools.org/posts/4567029-income-levels-for-family-survey
post,4818212,2021-2022 Teacher Leader Demographics,19,2022-09-27,Foundation staff and regional work,Network data and reports,,open,data,True,Annual demographics report for the 2021–2022 school year is a dated historical snapshot.,Annual public summary of Wildflower teacher leader demographics.,https://connected.wildflowerschools.org/posts/4818212-2021-2022-teacher-leader-demographics
post,5546077,2024 Wildflower Network Demographic Report,17,2025-09-02,Foundation staff and regional work,Network data and reports,,open,data,True,Annual demographic snapshot for the 2024–25 school year.,Annual report summarizing demographic data from the Wildflower network.,https://connected.wildflowerschools.org/posts/5546077-2024-wildflower-network-demographic-report
post,4823511,Wildflower Metrics Index,16,2022-10-04,Foundation staff and regional work,Network data and reports,Network membership and what the Foundation does,open,data,False,,Index of Wildflower metrics for regional site entrepreneurs.,https://connected.wildflowerschools.org/posts/4823511-wildflower-metrics-index
post,4566994,Teacher Leader Net Promoter Score,12,2022-01-03,Foundation staff and regional work,Network data and reports,How the School Startup Journey works; Network membership and what the Foundation does,discovery; visioning; planning; startup; open,data,True,Historical 2020–2021 survey results and comparison.,Historical Teacher Leader survey data about recommending the Wildflower school startup journey.,https://connected.wildflowerschools.org/posts/4566994-teacher-leader-net-promoter-score
post,4567027,Metrics Memo - post-advice,8,2022-01-03,Foundation staff and regional work,Network data and reports,The advice process,open,other,True,Dated metrics memo from 2022.,Metrics memo documenting outcomes after an advice process.,https://connected.wildflowerschools.org/posts/4567027-metrics-memo-post-advice
post,4566996,2020 Student Retention Summary,7,2022-07-25,Foundation staff and regional work,Network data and reports,,open,data,True,A dated 2020 student retention report and snapshot of past-year data.,Historical student retention metrics for network analysis.,https://connected.wildflowerschools.org/posts/4566996-2020-student-retention-summary
post,4567022,2019-2020 Teacher Leader Demographic and Montessori Experience Data,7,2022-02-22,Foundation staff and regional work,Network data and reports,,open,data,True,Dated 2019–2020 demographic and experience report documenting a past-year snapshot.,Historical teacher leader demographic and Montessori experience data report.,https://connected.wildflowerschools.org/posts/4567022-2019-2020-teacher-leader-demographic-and-montessori-experience-data
post,4567047,2017 Time Tracking Study,7,2022-01-03,Foundation staff and regional work,Network data and reports,,open,data,True,A 2017 time-tracking study is a dated historical report.,Historical report on time use across the network.,https://connected.wildflowerschools.org/posts/4567047-2017-time-tracking-study
post,4566747,2018-2019 Family Survey: Student Demographics and Net Promoter Score Report,6,2022-01-03,Foundation staff and regional work,Network data and reports,,open,data,True,A report of 2018–2019 survey data is a dated snapshot from a past year.,Historical family survey report covering student demographics and net promoter scores.,https://connected.wildflowerschools.org/posts/4566747-2018-2019-family-survey-student-demographics-and-net-promoter-score-report
post,4567049,2017 Time Tracking Study Recommendations,6,2022-01-03,Foundation staff and regional work,Network data and reports,,open,data,True,Dated 2017 study recommendations and historical snapshot.,Historical recommendations from a 2017 time-tracking study.,https://connected.wildflowerschools.org/posts/4567049-2017-time-tracking-study-recommendations
post,4566750,2017-2018 Family Net Promoter Score Report,5,2022-01-03,Foundation staff and regional work,Network data and reports,,open,data,True,This is a dated 2017–2018 network metrics report and may no longer reflect current data.,"Network-wide family Net Promoter Score data reported by hub, city, and pod.",https://connected.wildflowerschools.org/posts/4566750-2017-2018-family-net-promoter-score-report
post,4566981,2019-2020 Student Demographics & NPS Report,5,2022-01-03,Foundation staff and regional work,Network data and reports,,open,data,True,A dated 2019–2020 student demographics and NPS report is a past-year data snapshot.,Past-year report on student demographics and family NPS.,https://connected.wildflowerschools.org/posts/4566981-2019-2020-student-demographics-nps-report
post,4566949,2017-2018 Student Demographic Data,5,2022-01-03,Foundation staff and regional work,Network data and reports,,open,data,True,A dated 2017–2018 student demographic data report is a past-year snapshot.,Historical student demographic data for network reporting and analysis.,https://connected.wildflowerschools.org/posts/4566949-2017-2018-student-demographic-data
post,4567045,2018 Time Tracking Study,5,2022-01-03,Foundation staff and regional work,Network data and reports,,open,data,True,A 2018 time-tracking study is a dated historical report.,Historical report on network time-tracking data.,https://connected.wildflowerschools.org/posts/4567045-2018-time-tracking-study
post,4566970,2018-2019 Teacher Leader Demographic and Montessori Experience Data,4,2022-02-22,Foundation staff and regional work,Network data and reports,"Past gatherings, session notes, and dated reports",open,data,True,Dated 2018–2019 demographic and experience snapshot.,Historical data report on teacher leader demographics and Montessori experience.,https://connected.wildflowerschools.org/posts/4566970-2018-2019-teacher-leader-demographic-and-montessori-experience-data
post,4421917,Working for the Foundation (E/TL),659,2026-06-03,Foundation staff and regional work,Working for the Foundation and internal process,"Compensation, payroll, and benefits",open,guide,False,,Explains how teacher leaders are compensated for work performed for the Foundation.,https://connected.wildflowerschools.org/posts/4421917-working-for-the-foundation-e-tl
post,4483364,Monthly Admin Checklists,440,2022-05-23,Foundation staff and regional work,Working for the Foundation and internal process,"Bookkeeping, QuickBooks, and chart of accounts; Employee handbooks and HR policies",planning; startup; open,template,False,,"Reusable monthly, quarterly, and annual administrative checklist templates for school operations.",https://connected.wildflowerschools.org/posts/4483364-monthly-admin-checklists
post,4634392,Wildflower Events Calendar,223,2022-03-10,Foundation staff and regional work,Working for the Foundation and internal process,Network membership and what the Foundation does,discovery; visioning; planning; startup; open,data,False,,Shared calendar of Wildflower events and gatherings for teacher leaders and partners.,https://connected.wildflowerschools.org/posts/4634392-wildflower-events-calendar
post,4885493,Overview of Contracting with the Wildflower Foundation,183,2022-12-07,Foundation staff and regional work,Working for the Foundation and internal process,,planning; startup; open,guide,False,,"Explains the Wildflower Foundation’s external contractor contracting, W-9, and Bill.com payment process.",https://connected.wildflowerschools.org/posts/4885493-overview-of-contracting-with-the-wildflower-foundation
post,4964961,Hub Support Quarterly Updates Q2 F23,34,2023-02-09,Foundation staff and regional work,Working for the Foundation and internal process,"Past gatherings, session notes, and dated reports",open,news,True,Quarterly update from Q2 of the 2022–23 school year covering past internal operations.,Quarterly update on Hub Support operations and internal work.,https://connected.wildflowerschools.org/posts/4964961-hub-support-quarterly-updates-q2-f23
post,4613122,Foundation Holiday Calendar,23,2022-02-16,Foundation staff and regional work,Working for the Foundation and internal process,Employee handbooks and HR policies,open,policy,False,,Foundation holiday closure dates and weekend-contact norms for Foundation Partners.,https://connected.wildflowerschools.org/posts/4613122-foundation-holiday-calendar
post,4838065,Foundation: Regional Fundraising Resource Overview,141,2023-02-13,Foundation staff and regional work,Regional fundraising and growth,Fundraising campaigns and donor communications; Outside grants and grant writing,planning; startup; open,directory,False,,"Directory of fundraising documents, grant attachments, donor materials, and planning resources for regional school entrepreneurs.",https://connected.wildflowerschools.org/posts/4838065-foundation-regional-fundraising-resource-overview
post,4851567,Foundation: Healthy Region Ecosystem - Resource for Growth Leads,101,2023-06-13,Foundation staff and regional work,Regional fundraising and growth,The principles and purpose; Working for the Foundation and internal process,open,guide,False,,Overview of the resources and workstreams Regional Growth Leads use to support healthy regional ecosystems.,https://connected.wildflowerschools.org/posts/4851567-foundation-healthy-region-ecosystem-resource-for-growth-leads
post,4596716,The Minnesota Hub 2021-22 Prospectus,31,2022-02-22,Foundation staff and regional work,Regional fundraising and growth,Outside grants and grant writing; Network data and reports,planning; startup,data,True,This is a dated 2021–22 regional prospectus and funding snapshot.,"Minnesota regional prospectus describing school growth, funding priorities, and budget needs.",https://connected.wildflowerschools.org/posts/4596716-the-minnesota-hub-2021-22-prospectus
post,4843027,Foundation: Adding someone to our funder/friend newsletter using Copper,16,2022-10-26,Foundation staff and regional work,Regional fundraising and growth,Using Connected and Slack,planning; startup; open,training,False,,Tutorial for adding consented funders and friends to the Foundation newsletter using Copper and Mailchimp.,https://connected.wildflowerschools.org/posts/4843027-foundation-adding-someone-to-our-funder-friend-newsletter-using-copper
post,4408826,Fundraising Introduction for Teacher Leaders,286,2023-12-14,Fund your school,Fundraising campaigns and donor communications,What it costs to start and open,discovery; visioning; planning; startup; open,training,False,,"High-level introduction to fundraising, donor storytelling, and building a supporter network.",https://connected.wildflowerschools.org/posts/4408826-fundraising-introduction-for-teacher-leaders
post,4425661,Fundraising Marketing Material Template,247,2022-02-22,Fund your school,Fundraising campaigns and donor communications,"Info sessions, local partnerships, and media; Marketing 101, style guide, name, and logo",planning; startup,template,False,,Flyer template for promoting a school fundraising campaign in the community.,https://connected.wildflowerschools.org/posts/4425661-fundraising-marketing-material-template
post,4412008,Fundraising Platforms,214,2026-05-14,Fund your school,Fundraising campaigns and donor communications,Vendors and network discounts; 501c3 status and the group exemption,planning; startup; open,guide,False,,"Compares fundraising platforms and explains how to set up donation collection, receipts, and access points.",https://connected.wildflowerschools.org/posts/4412008-fundraising-platforms
post,4435648,Wire Transfers from Donors,176,2021-08-30,Fund your school,Fundraising campaigns and donor communications,"Bookkeeping, QuickBooks, and chart of accounts",planning; startup; open,template,False,,Template and guidance for setting up donor wire transfers and acknowledging gifts.,https://connected.wildflowerschools.org/posts/4435648-wire-transfers-from-donors
post,4412016,"Wishlists, Registries, and In Kind Donations",132,2021-08-06,Fund your school,Fundraising campaigns and donor communications,What it costs to start and open; Montessori materials and vendors,visioning; planning; startup; open,example,False,,"Examples and email templates for securing donated Montessori materials through wishlists, registries, and community outreach.",https://connected.wildflowerschools.org/posts/4412016-wishlists-registries-and-in-kind-donations
post,4411992,Fundraising Gift Acknowledgement Letter Template,118,2024-06-05,Fund your school,Fundraising campaigns and donor communications,"Fiscal policies, audits, and the 990",planning; startup; open,template,False,,Template for acknowledging donor gifts and documenting tax-deductible contributions.,https://connected.wildflowerschools.org/posts/4411992-fundraising-gift-acknowledgement-letter-template
post,4434164,Preparing Your Story for Fundraising,114,2022-01-10,Fund your school,Fundraising campaigns and donor communications,Enrollment playbooks and recruitment plans,planning; startup; open,template,False,,Worksheet and guidance for developing a compelling personal story for fundraising.,https://connected.wildflowerschools.org/posts/4434164-preparing-your-story-for-fundraising
post,5223336,Board Fundraising: Cultivating Relationships and Resources,95,2023-11-16,Fund your school,Fundraising campaigns and donor communications,"Board health, reflection, and training; Board policies (conflict of interest, nepotism, whistleblower, retention)",planning; startup; open,training,False,,Guidance for board members and fundraising committees on cultivating donor relationships and organizing fundraising work.,https://connected.wildflowerschools.org/posts/5223336-board-fundraising-cultivating-relationships-and-resources
post,5233793,"Effective + Connected School Fundraising: WF Gathering Presentation, Summer 2023",92,2023-11-30,Fund your school,Fundraising campaigns and donor communications,"Past gatherings, session notes, and dated reports",planning; startup; open,training,True,Presentation from a 2023 gathering and may be superseded by newer fundraising guidance.,"Training presentation on fundraising strategies, revenue, donor messaging, and building community support.",https://connected.wildflowerschools.org/posts/5233793-effective-connected-school-fundraising-wf-gathering-presentation-summer-2023
post,4425589,Giving Tuesday: Launching Your Campaign,79,2021-08-20,Fund your school,Fundraising campaigns and donor communications,"Info sessions, local partnerships, and media",startup; open,guide,False,,Guide to planning and launching a Giving Tuesday fundraising campaign.,https://connected.wildflowerschools.org/posts/4425589-giving-tuesday-launching-your-campaign
post,4425620,Matching Gifts and Text-to-Donate Campaign Fundraiser,79,2022-02-22,Fund your school,Fundraising campaigns and donor communications,"Outside grants and grant writing; Info sessions, local partnerships, and media",planning; startup; open,template,False,,Fundraising campaign guidance with sample matching-gift language and text-to-donate strategies.,https://connected.wildflowerschools.org/posts/4425620-matching-gifts-and-text-to-donate-campaign-fundraiser
post,5423175,Launching a Crowdfunding Campaign,75,2024-06-12,Fund your school,Fundraising campaigns and donor communications,"Website, social media, and online ads",visioning; planning; startup; open,guide,False,,"Guide to planning and running a school crowdfunding campaign, including donor communications and online promotion.",https://connected.wildflowerschools.org/posts/5423175-launching-a-crowdfunding-campaign
post,4425650,Fundraising Campaigns: Tracking Your Gifts,64,2021-08-20,Fund your school,Fundraising campaigns and donor communications,,planning; startup; open,template,False,,Gift-tracking templates for managing fundraising campaigns and donor acknowledgments.,https://connected.wildflowerschools.org/posts/4425650-fundraising-campaigns-tracking-your-gifts
post,4544478,Furniture and Materials Donation,64,2022-01-10,Fund your school,Fundraising campaigns and donor communications,Montessori materials and vendors,startup,example,False,,Example of soliciting donated furniture and Montessori materials for a school's startup.,https://connected.wildflowerschools.org/posts/4544478-furniture-and-materials-donation
post,4425579,Giving Tuesday Fundraising Overview,59,2022-02-22,Fund your school,Fundraising campaigns and donor communications,"Info sessions, local partnerships, and media",planning; startup; open,guide,True,Dated 2021 Giving Tuesday guidance and campaign overview.,Guidance for planning an end-of-year Giving Tuesday fundraising campaign.,https://connected.wildflowerschools.org/posts/4425579-giving-tuesday-fundraising-overview
post,4425615,Giving Tuesday: Social Media,59,2022-01-10,Fund your school,Fundraising campaigns and donor communications,"Website, social media, and online ads",startup; open,example,False,,Examples and advice for using social media in a Giving Tuesday fundraising campaign.,https://connected.wildflowerschools.org/posts/4425615-giving-tuesday-social-media
post,4434240,The Fundraising Mindset,13,2021-08-27,Fund your school,Fundraising campaigns and donor communications,,visioning; planning; startup; open,training,False,,Training presentation on developing an abundant mindset for fundraising and donor engagement.,https://connected.wildflowerschools.org/posts/4434240-the-fundraising-mindset
post,5508925,Grant Writing Resources ,227,2024-11-13,Fund your school,Outside grants and grant writing,Fundraising campaigns and donor communications,planning; startup; open,template,False,,"Grant application answers, a school one-pager, and funder outreach email templates for emerging and open schools.",https://connected.wildflowerschools.org/posts/5508925-grant-writing-resources
post,4434110,National and Local Grant Resources,150,2022-02-22,Fund your school,Outside grants and grant writing,Fundraising campaigns and donor communications,planning; startup; open,directory,False,,Directory of national and state nonprofit grant-search resources.,https://connected.wildflowerschools.org/posts/4434110-national-and-local-grant-resources
post,5028964,Drexel Application ,49,2023-04-10,Fund your school,Outside grants and grant writing,Fundraising campaigns and donor communications,planning; startup,example,False,,Sample Drexel Fund business plan and application materials for opening a Wildflower school.,https://connected.wildflowerschools.org/posts/5028964-drexel-application
post,4832492,Foundation: Using Foundation Directory Online for Funder Prospect Research,37,2022-10-13,Fund your school,Outside grants and grant writing,Regional fundraising and growth,planning; startup; open,training,False,,Training on researching prospective funders using Foundation Directory Online.,https://connected.wildflowerschools.org/posts/4832492-foundation-using-foundation-directory-online-for-funder-prospect-research
post,4832506,Foundation: Using Foundation Directory Online for Prospect Research (Part 3),12,2022-10-13,Fund your school,Outside grants and grant writing,Regional fundraising and growth,planning; startup; open,training,False,,Training on using Foundation Directory Online to identify prospective grant funders.,https://connected.wildflowerschools.org/posts/4832506-foundation-using-foundation-directory-online-for-prospect-research-part-3
post,4832502,Foundation: Using Foundation Directory Online for Prospect Research (Part 2),8,2022-10-13,Fund your school,Outside grants and grant writing,Regional fundraising and growth,planning; startup; open,training,False,,Training on using Foundation Directory Online to identify local grant prospects.,https://connected.wildflowerschools.org/posts/4832502-foundation-using-foundation-directory-online-for-prospect-research-part-2
post,4718445,School Loan Funding Overview,1530,2026-04-27,Fund your school,Wildflower loans and grants,What it costs to start and open,planning; startup,guide,False,,"Explains school loan pools, eligibility requirements, and facility criteria for emerging school founders.",https://connected.wildflowerschools.org/posts/4718445-school-loan-funding-overview
post,4423064,New School Funding Overview,907,2024-08-07,Fund your school,Wildflower loans and grants,What it costs to start and open; Fundraising campaigns and donor communications,visioning; planning; startup,guide,False,,"Overview of Wildflower startup loans, grants, and teacher-led fundraising opportunities.",https://connected.wildflowerschools.org/posts/4423064-new-school-funding-overview
post,4423101,School Seed Loan Funding Overview,349,2023-08-30,Fund your school,Wildflower loans and grants,What it costs to start and open,visioning; planning; startup,guide,False,,"Explains eligibility, availability, and typical amounts for Wildflower seed loans.",https://connected.wildflowerschools.org/posts/4423101-school-seed-loan-funding-overview
post,4537823,Wildflower School Loan Application,258,2021-11-29,Fund your school,Wildflower loans and grants,,planning; startup,template,False,,Application template for requesting a Wildflower school loan.,https://connected.wildflowerschools.org/posts/4537823-wildflower-school-loan-application
post,5452504,How to use the CDFI Low-Income Census Map,181,2024-08-08,Fund your school,Wildflower loans and grants,Finding a space and pitching landlords,visioning; planning; startup,guide,False,,Explains how to use a CDFI map to assess eligibility for Sunlight Loan Fund financing and inform facility searches.,https://connected.wildflowerschools.org/posts/5452504-how-to-use-the-cdfi-low-income-census-map
post,5151869,"School Expansion Loan Funding Overview
",119,2025-05-05,Fund your school,Wildflower loans and grants,What it costs to start and open,open,guide,False,,"Overview of eligibility, terms, and application steps for loans to expand an existing school.",https://connected.wildflowerschools.org/posts/5151869-school-expansion-loan-funding-overview
post,5610676,School Working Capital Loan Funding Overview,60,2025-04-24,Fund your school,Wildflower loans and grants,Building and using your budget,open,guide,False,,"Explains eligibility, terms, and application steps for working capital loans for open schools.",https://connected.wildflowerschools.org/posts/5610676-school-working-capital-loan-funding-overview
post,5058098,New School Funding Overview (Spanish),30,2024-08-07,Fund your school,Wildflower loans and grants,What it costs to start and open; Fundraising campaigns and donor communications,discovery; visioning; planning; startup,guide,False,,"Spanish overview of Wildflower startup funding through loans, grants, and leader-led fundraising.",https://connected.wildflowerschools.org/posts/5058098-new-school-funding-overview-spanish
post,4585190,School Startup Cost: How Much Does it Cost to Start a Wildflower School?,256,2022-02-22,Fund your school,What it costs to start and open,Building and using your budget,discovery; visioning; planning,guide,False,,Explains how to forecast and communicate the costs of starting a Wildflower school.,https://connected.wildflowerschools.org/posts/4585190-school-startup-cost-how-much-does-it-cost-to-start-a-wildflower-school
post,4598284,Coaching Overview & Coach List with Filters,331,2023-03-16,"Find coaches, consultants, and vendors",Coaches directory,Equity and conflict consultants; Outside grants and grant writing,discovery; visioning; planning; startup; open,directory,False,,Coaching overview and filtered directory to help schools find a Growth & Connectedness coach.,https://connected.wildflowerschools.org/posts/4598284-coaching-overview-coach-list-with-filters
post,4406242,"Seyyida Saterfield, Coach",179,2021-12-20,"Find coaches, consultants, and vendors",Coaches directory,Equity and conflict consultants,discovery; visioning; planning; startup; open,directory,False,,"Coach profile offering growth, executive coaching, and conflict resolution facilitation.",https://connected.wildflowerschools.org/posts/4406242-seyyida-saterfield-coach
post,4819635,"Mia Moore, Coach",169,2022-11-02,"Find coaches, consultants, and vendors",Coaches directory,,discovery; visioning; planning; startup; open,directory,False,,"Coach profile for growth and connectedness support, including contact information, services, and rates.",https://connected.wildflowerschools.org/posts/4819635-mia-moore-coach
post,5397110,"Betsy Symanietz, Coach",162,2024-05-06,"Find coaches, consultants, and vendors",Coaches directory,Equity and conflict consultants; The advice process,visioning; planning; startup; open,directory,False,,"Coach profile offering self-management coaching, conflict facilitation, and team retreat support.",https://connected.wildflowerschools.org/posts/5397110-betsy-symanietz-coach
post,4405351,"Katie Ibes, Coach",154,2021-08-11,"Find coaches, consultants, and vendors",Coaches directory,Equity and conflict consultants,discovery; visioning; planning; startup; open,directory,False,,"Coach profile offering leadership, connectedness, and Montessori pedagogy coaching.",https://connected.wildflowerschools.org/posts/4405351-katie-ibes-coach
post,4405338,"Carrie Ellis, Coach",120,2022-02-02,"Find coaches, consultants, and vendors",Coaches directory,"Equity and conflict consultants; Liberation, equity, and anti-bias work",discovery; visioning; planning; startup; open,directory,False,,"Coach profile for leadership, team growth, and diversity, equity, and inclusion support.",https://connected.wildflowerschools.org/posts/4405338-carrie-ellis-coach
post,4896448,"Christina Patrick, Coach",98,2022-12-20,"Find coaches, consultants, and vendors",Coaches directory,,discovery; visioning; planning; startup; open,directory,False,,Coach profile for virtual leadership and organizational coaching.,https://connected.wildflowerschools.org/posts/4896448-christina-patrick-coach
post,4405345,"Jessie Cordova, Coach",93,2021-08-11,"Find coaches, consultants, and vendors",Coaches directory,,discovery; visioning; planning; startup; open,directory,False,,"Coach profile offering personal growth, healing practices, and team coaching in English and Spanish.",https://connected.wildflowerschools.org/posts/4405345-jessie-cordova-coach
post,4406225,"Morris Ervin, Jr., Coach",85,2022-02-07,"Find coaches, consultants, and vendors",Coaches directory,Equity and conflict consultants; Conflict resolution,planning; startup; open,directory,False,,Coach profile offering growth coaching and conflict-resolution facilitation.,https://connected.wildflowerschools.org/posts/4406225-morris-ervin-jr-coach
post,4699643,"Jinny Gonzalez, Montessori Coach (en español) ",79,2022-05-17,"Find coaches, consultants, and vendors",Coaches directory,Equity and conflict consultants,discovery; visioning; planning; startup; open,directory,False,,Spanish-language profile for a Montessori coach offering practice and administration consulting.,https://connected.wildflowerschools.org/posts/4699643-jinny-gonzalez-montessori-coach-en-espanol
post,4491732,"Stephanie Lowe, Coach",50,2022-04-21,"Find coaches, consultants, and vendors",Coaches directory,,discovery; visioning; planning; startup; open,directory,False,,Coach profile offering growth and connectedness coaching in Chicago or virtually.,https://connected.wildflowerschools.org/posts/4491732-stephanie-lowe-coach
post,4405370,"Kelsey Blackwell, Coach",45,2021-08-06,"Find coaches, consultants, and vendors",Coaches directory,"Equity and conflict consultants; Liberation, equity, and anti-bias work",discovery; visioning; planning; startup; open,directory,False,,"Coach profile offering embodiment, mindfulness, and equity-focused support.",https://connected.wildflowerschools.org/posts/4405370-kelsey-blackwell-coach
post,4405360,"Kelly Harris Perin, Coach",44,2021-08-06,"Find coaches, consultants, and vendors",Coaches directory,"Liberation, equity, and anti-bias work; Roles and responsibilities",planning; startup; open,directory,False,,"Coach profile for executive prioritization, team leadership, healthy roles, and inclusive culture.",https://connected.wildflowerschools.org/posts/4405360-kelly-harris-perin-coach
post,4405288,"Bárbara Escudero, Coach",39,2021-08-03,"Find coaches, consultants, and vendors",Coaches directory,,discovery; visioning; planning; startup; open,directory,False,,Coach profile offering bilingual virtual leadership and growth coaching.,https://connected.wildflowerschools.org/posts/4405288-barbara-escudero-coach
post,4836833,"Michelle Emmanuelle, Coach",38,2022-11-02,"Find coaches, consultants, and vendors",Coaches directory,,open,directory,False,,"Coach profile offering virtual burnout-recovery and resilience coaching, particularly for women of color.",https://connected.wildflowerschools.org/posts/4836833-michelle-emmanuelle-coach
post,4491776,"Eloise Russo, Coach",36,2021-10-13,"Find coaches, consultants, and vendors",Coaches directory,,discovery; visioning; planning; startup; open,directory,False,,"Coach profile offering growth, connectedness, executive, career, and life coaching.",https://connected.wildflowerschools.org/posts/4491776-eloise-russo-coach
post,4406204,"Laurelin Whitfield, Coach",35,2021-08-11,"Find coaches, consultants, and vendors",Coaches directory,,discovery; visioning; planning; startup; open,directory,False,,Coach profile offering individual and team leadership coaching in English and French.,https://connected.wildflowerschools.org/posts/4406204-laurelin-whitfield-coach
post,4406216,"Lori Cohen, Coach",32,2021-08-03,"Find coaches, consultants, and vendors",Coaches directory,Equity and conflict consultants; Conflict resolution,discovery; visioning; planning; startup; open,directory,False,,"Coach profile offering leadership, classroom teaching, equity, and team-dynamics coaching.",https://connected.wildflowerschools.org/posts/4406216-lori-cohen-coach
post,4645846,"Castle O'Neil, Montessori Coach",27,2022-05-17,"Find coaches, consultants, and vendors",Coaches directory,,discovery; visioning; planning; startup; open,directory,False,,"Montessori coach profile with contact information, credentials, services, and location.",https://connected.wildflowerschools.org/posts/4645846-castle-o-neil-montessori-coach
post,4406245,"Virginia McHugh, Montessori Coach",24,2022-02-23,"Find coaches, consultants, and vendors",Coaches directory,,planning; startup; open,directory,False,,Profile for a Montessori and school administration coach available to support teacher leaders.,https://connected.wildflowerschools.org/posts/4406245-virginia-mchugh-montessori-coach
post,4852174,"Mary Cipollone, Coach",24,2022-11-02,"Find coaches, consultants, and vendors",Coaches directory,Equity and conflict consultants,discovery; visioning; planning; startup; open,directory,False,,"Coach profile for virtual and onsite leadership, growth, and connectedness support.",https://connected.wildflowerschools.org/posts/4852174-mary-cipollone-coach
post,4620077,"Claudia Mann, Montessori Coach",17,2022-02-23,"Find coaches, consultants, and vendors",Coaches directory,,discovery; visioning; planning; startup; open,directory,False,,"Montessori coach profile with leadership expertise, location, availability, and rates.",https://connected.wildflowerschools.org/posts/4620077-claudia-mann-montessori-coach
post,4541994,"Catherine McTamaney, Montessori Coach",16,2022-02-22,"Find coaches, consultants, and vendors",Coaches directory,,planning; startup; open,directory,False,,"Profile of a Montessori coach offering school leadership, staff development, assessment, and parent education support.",https://connected.wildflowerschools.org/posts/4541994-catherine-mctamaney-montessori-coach
post,4699623,"Jinny Gonzalez, Montessori Coach",16,2022-05-17,"Find coaches, consultants, and vendors",Coaches directory,,discovery; visioning; planning; startup; open,directory,False,,Profile of a Montessori coach offering practice and administration consulting.,https://connected.wildflowerschools.org/posts/4699623-jinny-gonzalez-montessori-coach
post,4406250,"Anissa Arloro, Montessori Coach",13,2022-03-18,"Find coaches, consultants, and vendors",Coaches directory,,planning; startup; open,directory,False,,Profile for a Massachusetts Montessori coach offering school coaching and parent education services.,https://connected.wildflowerschools.org/posts/4406250-anissa-arloro-montessori-coach
post,4406255,"Laurie Campiformio, Montessori Coach",13,2022-02-22,"Find coaches, consultants, and vendors",Coaches directory,"Montessori practice, observation, and assessment",startup; open,directory,False,,Montessori coach profile offering classroom observation and teacher coaching services.,https://connected.wildflowerschools.org/posts/4406255-laurie-campiformio-montessori-coach
post,5193739,Koren Clark: Liberatory Coach,117,2024-05-20,"Find coaches, consultants, and vendors",Equity and conflict consultants,"Liberation, equity, and anti-bias work",discovery; visioning; planning; startup; open,directory,False,,"Profile of a liberatory coach offering anti-bias, Montessori, and spirituality support.",https://connected.wildflowerschools.org/posts/5193739-koren-clark-liberatory-coach
post,4559010,"Tai Dixon, Conflict Resolution Facilitator",75,2021-12-20,"Find coaches, consultants, and vendors",Equity and conflict consultants,Conflict resolution,planning; startup; open,directory,False,,"Profile for a Washington, D.C.-area conflict resolution facilitator and mediator.",https://connected.wildflowerschools.org/posts/4559010-tai-dixon-conflict-resolution-facilitator
post,4594271,Spanish/English Interpretation and Translation at Wildflower,48,2023-12-17,"Find coaches, consultants, and vendors",Equity and conflict consultants,"Vendors and network discounts; Liberation, equity, and anti-bias work",planning; startup; open,directory,False,,Contact and rate information for Spanish/English interpretation and translation contractors.,https://connected.wildflowerschools.org/posts/4594271-spanish-english-interpretation-and-translation-at-wildflower
post,4527959,Embracing Equity,47,2022-01-14,"Find coaches, consultants, and vendors",Equity and conflict consultants,"Liberation, equity, and anti-bias work",discovery; visioning; planning; startup; open,directory,False,,Consultant and workshop resource for Montessori-based equity learning.,https://connected.wildflowerschools.org/posts/4527959-embracing-equity
post,5410916,"Alma Mia, Coaching ",39,2024-05-21,"Find coaches, consultants, and vendors",Equity and conflict consultants,,open,directory,False,,Consultant offering healing-centered coaching for communities of color.,https://connected.wildflowerschools.org/posts/5410916-alma-mia-coaching
post,4527983,Britt Hawthorne,27,2021-11-16,"Find coaches, consultants, and vendors",Equity and conflict consultants,"Liberation, equity, and anti-bias work; Montessori practice, observation, and assessment",discovery; visioning; planning; startup; open,directory,False,,Profile for an anti-bias and anti-racism workshop facilitator offering Montessori-based learning.,https://connected.wildflowerschools.org/posts/4527983-britt-hawthorne
post,4527992,How to Hold Whiteness Responsibly,25,2021-11-16,"Find coaches, consultants, and vendors",Equity and conflict consultants,"Liberation, equity, and anti-bias work",discovery; visioning; planning; startup; open,link,False,,External racial-justice learning program for White educators and school teams.,https://connected.wildflowerschools.org/posts/4527992-how-to-hold-whiteness-responsibly
post,4527990,Crossroads Anti-Racism Organizing & Training,18,2021-11-16,"Find coaches, consultants, and vendors",Equity and conflict consultants,"Liberation, equity, and anti-bias work",discovery; visioning; planning; startup; open,directory,False,,"Consultant listing for anti-racism and anti-bias training, including Spanish-language workshops.",https://connected.wildflowerschools.org/posts/4527990-crossroads-anti-racism-organizing-training
post,4528016,Know Thyself,14,2021-11-16,"Find coaches, consultants, and vendors",Equity and conflict consultants,,open,directory,False,,Oakland-based consultant offering Montessori workshops and professional development.,https://connected.wildflowerschools.org/posts/4528016-know-thyself
post,4528026,Resmaa Menakem,14,2021-11-16,"Find coaches, consultants, and vendors",Equity and conflict consultants,,discovery; visioning; planning; startup; open,directory,False,,"Consultant profile for a Minneapolis-based, body-centered psychology practitioner.",https://connected.wildflowerschools.org/posts/4528026-resmaa-menakem
post,4527975,"Bright Morning Consulting, Coaching for Equity",12,2022-01-17,"Find coaches, consultants, and vendors",Equity and conflict consultants,"Liberation, equity, and anti-bias work",planning; startup; open,directory,False,,Consultant offering virtual equity training for education teams.,https://connected.wildflowerschools.org/posts/4527975-bright-morning-consulting-coaching-for-equity
post,4528030,Wee the People,12,2021-11-16,"Find coaches, consultants, and vendors",Equity and conflict consultants,"Liberation, equity, and anti-bias work; Vendors and network discounts",discovery; visioning; planning; startup; open,directory,False,,"Boston-based equity and social justice education consultant offering workshops for children, families, and educators.",https://connected.wildflowerschools.org/posts/4528030-wee-the-people
post,4528021,National Equity Project,11,2021-11-16,"Find coaches, consultants, and vendors",Equity and conflict consultants,,discovery; visioning; planning; startup; open,directory,False,,Consultant profile for equity and educational support services.,https://connected.wildflowerschools.org/posts/4528021-national-equity-project
post,4527997,Interaction Institute for Social Change,11,2021-11-16,"Find coaches, consultants, and vendors",Equity and conflict consultants,,planning; startup; open,directory,False,,"Consultant organization offering racial equity, facilitation, collaborative skills, and network-building support.",https://connected.wildflowerschools.org/posts/4527997-interaction-institute-for-social-change
post,4527911,"Saffiyah Madraswala, Equity Consultant",9,2022-02-22,"Find coaches, consultants, and vendors",Equity and conflict consultants,"Liberation, equity, and anti-bias work",planning; startup; open,directory,False,,"Profile of an equity consultant offering anti-bias training, facilitation, and organizational coaching.",https://connected.wildflowerschools.org/posts/4527911-saffiyah-madraswala-equity-consultant
post,4569665,"Kat Everett, Equity Consultant",6,2022-02-22,"Find coaches, consultants, and vendors",Equity and conflict consultants,"Liberation, equity, and anti-bias work",planning; startup; open,directory,False,,"Equity consultant profile offering DEI assessment, training, and organizational support.",https://connected.wildflowerschools.org/posts/4569665-kat-everett-equity-consultant
post,4596680,"Minh Nguyen, Equity Consultant & Trainer",5,2022-02-22,"Find coaches, consultants, and vendors",Equity and conflict consultants,"Liberation, equity, and anti-bias work",planning; startup; open,directory,False,,Profile of an equity and LGBTQ+ inclusion consultant offering workshops and training.,https://connected.wildflowerschools.org/posts/4596680-minh-nguyen-equity-consultant-trainer
post,5088625,TUIO: Tuition Management Software (Membership Discount),88,2025-03-31,"Find coaches, consultants, and vendors",Vendors and network discounts,Setting tuition and flexible tuition; Enrollment agreements and forms,planning; startup; open,directory,False,,Vendor profile for TUIO tuition and enrollment management software with a Wildflower member discount.,https://connected.wildflowerschools.org/posts/5088625-tuio-tuition-management-software-membership-discount
post,4624261,Preferred Contractors and Vendors - MA,16,2022-02-28,"Find coaches, consultants, and vendors",Vendors and network discounts,,planning; startup; open,directory,False,,Directory of preferred Massachusetts vendors for school operations and setup.,https://connected.wildflowerschools.org/posts/4624261-preferred-contractors-and-vendors-ma
post,4566732,Black-owned Business List,5,2022-02-22,"Find coaches, consultants, and vendors",Vendors and network discounts,"Liberation, equity, and anti-bias work",planning; startup; open,directory,False,,Directory of Black-owned businesses and vendors to support anti-racist purchasing.,https://connected.wildflowerschools.org/posts/4566732-black-owned-business-list
post,4666034,WNYCS Charter Contract,62,2022-04-13,Get licensed and stay compliant,Charter-specific compliance,Network Membership and charter affiliation agreements,planning; startup; open,example,True,"The charter agreement expired on July 31, 2024.",Executed example of a New York charter agreement with the authorizer.,https://connected.wildflowerschools.org/posts/4666034-wnycs-charter-contract
post,5632591,Financial Services: An Introduction to Working With Wildflower Charters,45,2025-05-28,Get licensed and stay compliant,Charter-specific compliance,"Bookkeeping, QuickBooks, and chart of accounts; Vendors and network discounts",planning; startup; open,guide,False,,Overview for charter leaders and financial service providers on balancing back-office support with charter compliance.,https://connected.wildflowerschools.org/posts/5632591-financial-services-an-introduction-to-working-with-wildflower-charters
post,4595625,Minnesota Wildflower Montessori School (MWMS): Data Practices and Open Meeting Law Self-Guided Training,36,2022-02-22,Get licensed and stay compliant,Charter-specific compliance,"Board health, reflection, and training; Board policies (conflict of interest, nepotism, whistleblower, retention)",planning; startup; open,training,False,,Minnesota charter board training on data practices and open meeting law requirements.,https://connected.wildflowerschools.org/posts/4595625-minnesota-wildflower-montessori-school-mwms-data-practices-and-open-meeting-law
post,5934739,Requirements for Requesting Pre-Purchase Payments for Large CSP-Funded Purchases,33,2026-02-11,Get licensed and stay compliant,Charter-specific compliance,"Fiscal policies, audits, and the 990; Montessori materials and vendors",planning; startup; open,policy,False,,Requirements and documentation for charter schools requesting advance CSP grant payments for large purchases.,https://connected.wildflowerschools.org/posts/5934739-requirements-for-requesting-pre-purchase-payments-for-large-csp-funded-purchase
post,4767259,DC Wildflower Public Charter School Charter Contract Agreement,26,2022-08-01,Get licensed and stay compliant,Charter-specific compliance,Network Membership and charter affiliation agreements,planning; startup; open,other,False,,Signed charter contract governing DC Wildflower Public Charter School’s operation and enrollment.,https://connected.wildflowerschools.org/posts/4767259-dc-wildflower-public-charter-school-charter-contract-agreement
post,4666028,MWMS Charter Contract,23,2022-04-13,Get licensed and stay compliant,Charter-specific compliance,Network Membership and charter affiliation agreements,planning; startup; open,link,True,The charter agreement covered July 2017–June 2023 and is no longer current.,Minnesota Wildflower Montessori School’s amended contract with its charter authorizer.,https://connected.wildflowerschools.org/posts/4666028-mwms-charter-contract
post,4408798,What is a Charter School?,16,2022-03-09,Get licensed and stay compliant,Charter-specific compliance,Licensing by state,discovery; visioning; planning,training,False,,"Overview of charter schools for emerging teacher leaders, with Minnesota-specific context.",https://connected.wildflowerschools.org/posts/4408798-what-is-a-charter-school
post,4595137,Minnesota Wildflower Montessori School (MWMS): Charter Application Materials,15,2022-02-22,Get licensed and stay compliant,Charter-specific compliance,Board basics and recruiting members; Network Membership and charter affiliation agreements,planning,template,True,Materials were created for the 2017 Minnesota charter application process and may be superseded.,"Minnesota charter application materials covering organizational design, board roles, and charter governance.",https://connected.wildflowerschools.org/posts/4595137-minnesota-wildflower-montessori-school-mwms-charter-application-materials
post,4666045,WNYCS Provisional Charter,14,2022-04-13,Get licensed and stay compliant,Charter-specific compliance,Network Membership and charter affiliation agreements,planning; startup; open,other,False,,Provisional charter document for a New York Wildflower charter school.,https://connected.wildflowerschools.org/posts/4666045-wnycs-provisional-charter
post,4408899,Minnesota Wildflower Montessori School (MWMS) : Overview and the Charter Pathway,11,2022-02-22,Get licensed and stay compliant,Charter-specific compliance,Network membership and what the Foundation does; Network Membership and charter affiliation agreements,discovery; visioning; planning,guide,False,,Overview of Minnesota Wildflower Montessori School and its charter pathway for prospective public-school founders.,https://connected.wildflowerschools.org/posts/4408899-minnesota-wildflower-montessori-school-mwms-overview-and-the-charter-pathway
post,4594702,Minnesota Wildflower Montessori School (MWMS): Charter Pupil Transportation,10,2022-02-22,Get licensed and stay compliant,Charter-specific compliance,"Safety, health, and compliance policies",planning; startup; open,policy,False,,Guidance on meeting Minnesota charter-school pupil transportation obligations.,https://connected.wildflowerschools.org/posts/4594702-minnesota-wildflower-montessori-school-mwms-charter-pupil-transportation
post,4595148,Minnesota Wildflower Montessori School (MWMS): Mandated Reporting,10,2022-02-22,Get licensed and stay compliant,Charter-specific compliance,"Safety, health, and compliance policies; Employee handbooks and HR policies",planning; startup; open,policy,False,,Minnesota charter-school mandated reporting training and compliance requirements for staff.,https://connected.wildflowerschools.org/posts/4595148-minnesota-wildflower-montessori-school-mwms-mandated-reporting
post,4595665,Minnesota Wildflower Montessori School (MWMS): Uploading to Epicenter,3,2022-02-22,Get licensed and stay compliant,Charter-specific compliance,Request forms and Foundation support,startup; open,training,False,,Video training for Minnesota charter staff on uploading required reports to Epicenter for the authorizer.,https://connected.wildflowerschools.org/posts/4595665-minnesota-wildflower-montessori-school-mwms-uploading-to-epicenter
post,4624234,QRIS Level 2 Self-Assessments - MA,88,2022-03-01,Get licensed and stay compliant,QRIS and quality ratings,Licensing by state,planning; startup; open,guide,True,This is Massachusetts QRIS guidance last updated in 2022 and may have been superseded.,Massachusetts QRIS Level 2 self-assessment requirements and score submission guidance.,https://connected.wildflowerschools.org/posts/4624234-qris-level-2-self-assessments-ma
post,4624240,QRIS Level 2 Application Documents - MA,33,2022-02-28,Get licensed and stay compliant,QRIS and quality ratings,"Safety, health, and compliance policies; Employee handbooks and HR policies",planning; startup; open,template,False,,"Massachusetts QRIS Level 2 application requirements, policy templates, and supporting documentation.",https://connected.wildflowerschools.org/posts/4624240-qris-level-2-application-documents-ma
post,4624242,QRIS Level 2 Professional Qualifications/Trainings - MA,9,2022-02-28,Get licensed and stay compliant,QRIS and quality ratings,"Licensing by state; Adult learning, assistants training, and exits",planning; startup; open,guide,False,,Massachusetts QRIS Level 2 qualifications and required professional development for school leaders and educators.,https://connected.wildflowerschools.org/posts/4624242-qris-level-2-professional-qualifications-trainings-ma
post,4624244,QRIS Level 2 Application Submission - MA,6,2022-02-28,Get licensed and stay compliant,QRIS and quality ratings,Licensing by state,planning; startup; open,guide,False,,Instructions for submitting a Massachusetts QRIS Level 2 application.,https://connected.wildflowerschools.org/posts/4624244-qris-level-2-application-submission-ma
post,4624269,Registering for State Subsidies - MA,5,2022-02-28,Get licensed and stay compliant,QRIS and quality ratings,Financial aid and subsidies,planning; startup; open,guide,False,,Step-by-step Massachusetts instructions for registering for QRIS and state childcare subsidies.,https://connected.wildflowerschools.org/posts/4624269-registering-for-state-subsidies-ma
post,4594750,QRIS Resources in Minnesota,4,2022-01-31,Get licensed and stay compliant,QRIS and quality ratings,Licensing by state,planning; startup; open,guide,False,,"Minnesota Parent Aware QRIS enrollment, DEVELOP accounts, star ratings, and funding eligibility.",https://connected.wildflowerschools.org/posts/4594750-qris-resources-in-minnesota
post,4624212,QRIS Level 2 Application Toolkit in MA,3,2022-02-28,Get licensed and stay compliant,QRIS and quality ratings,Licensing by state,planning; startup; open,guide,False,,"Massachusetts QRIS Level 2 application guidance, including required documentation, self-assessments, and professional training.",https://connected.wildflowerschools.org/posts/4624212-qris-level-2-application-toolkit-in-ma
post,4624250,Quality Rating & Improvement System (QRIS) - MA,3,2022-02-28,Get licensed and stay compliant,QRIS and quality ratings,Licensing by state,planning; startup; open,guide,False,,Massachusetts instructions for applying to the state QRIS and reaching Level 1.,https://connected.wildflowerschools.org/posts/4624250-quality-rating-improvement-system-qris-ma
post,4543463,Business Insurance Overview: Alliant & Gusto,375,2024-09-05,Get licensed and stay compliant,"Safety, health, and compliance policies","Vendors and network discounts; Bylaws, EIN, bank account, insurance",planning; startup; open,guide,False,,"Overview of required school insurance policies and recommended brokers, including workers’ compensation.",https://connected.wildflowerschools.org/posts/4543463-business-insurance-overview-alliant-gusto
post,4560237,Safety & Emergency Plan Example from Capucine Montessori,66,2022-03-09,Get licensed and stay compliant,"Safety, health, and compliance policies","Montessori practice, observation, and assessment",planning; startup; open,example,False,,Example emergency and safety plan for a Montessori school.,https://connected.wildflowerschools.org/posts/4560237-safety-emergency-plan-example-from-capucine-montessori
post,4786844,"Vaccine Exemptions for COVID-19, The Dahlia School of SF Example",56,2022-08-22,Get licensed and stay compliant,"Safety, health, and compliance policies",Family handbooks,startup; open,example,True,COVID-19 vaccine guidance from 2022 may be superseded by current health and licensing requirements.,Example family-facing COVID-19 vaccine and exemption policy.,https://connected.wildflowerschools.org/posts/4786844-vaccine-exemptions-for-covid-19-the-dahlia-school-of-sf-example
post,4560247,Dandelion's Allergy Plan,14,2021-12-21,Get licensed and stay compliant,"Safety, health, and compliance policies","Family handbooks; Montessori practice, observation, and assessment",planning; startup; open,example,False,,"Example school allergy plan covering prevention, family communication, and emergency action plans.",https://connected.wildflowerschools.org/posts/4560247-dandelion-s-allergy-plan
post,4530829,Key Licensing Questions,157,2021-11-18,Get licensed and stay compliant,Licensing by state,"Safety, health, and compliance policies",discovery; visioning; planning,guide,False,,Early research questions to determine state licensing requirements and their effects on school design and startup plans.,https://connected.wildflowerschools.org/posts/4530829-key-licensing-questions
post,4530844,[MA] Initial Licensing Process for 0-6 Programs,54,2021-11-18,Get licensed and stay compliant,Licensing by state,,planning; startup,guide,False,,Guide to the Massachusetts initial licensing process for programs serving children ages 0–6.,https://connected.wildflowerschools.org/posts/4530844-ma-initial-licensing-process-for-0-6-programs
post,4530938,[CA] Licensing Packet,50,2021-11-18,Get licensed and stay compliant,Licensing by state,"Safety, health, and compliance policies",planning; startup,guide,False,,"California licensing packet guidance and form-filling tips, including the LIC 308 facility responsibility form.",https://connected.wildflowerschools.org/posts/4530938-ca-licensing-packet
post,4530869,[MN] Licensing FAQs: Space,40,2021-11-18,Get licensed and stay compliant,Licensing by state,"Finding a space and pitching landlords; Design, construction, and interior",planning; startup,guide,False,,"Minnesota licensing FAQs on classroom square footage, bathrooms, layout, and ADA requirements.",https://connected.wildflowerschools.org/posts/4530869-mn-licensing-faqs-space
post,4530936,[CA] Licensing Manual,33,2021-11-18,Get licensed and stay compliant,Licensing by state,"Safety, health, and compliance policies",planning; startup; open,guide,False,,California licensing manual for school operators and compliance requirements.,https://connected.wildflowerschools.org/posts/4530936-ca-licensing-manual
post,4596187,0-6 School Licensing in Minnesota,28,2022-02-22,Get licensed and stay compliant,Licensing by state,"Safety, health, and compliance policies",planning; startup,guide,False,,"Minnesota licensing pathways, applications, and requirements for center- and family-based child care.",https://connected.wildflowerschools.org/posts/4596187-0-6-school-licensing-in-minnesota
post,4530953,[NJ] Initial Licensing Process for Ages 0-6,24,2021-11-18,Get licensed and stay compliant,Licensing by state,,planning; startup,guide,False,,New Jersey guidance on the initial childcare center licensing process for ages 0–6.,https://connected.wildflowerschools.org/posts/4530953-nj-initial-licensing-process-for-ages-0-6
post,4530956,[PA] License Process for Ages 0-K,24,2021-11-18,Get licensed and stay compliant,Licensing by state,,planning; startup; open,guide,False,,Pennsylvania licensing process guidance for programs serving children from infancy through kindergarten.,https://connected.wildflowerschools.org/posts/4530956-pa-license-process-for-ages-0-k
post,4530848,[MA] License Renewal Process for 0-6 Programs,23,2021-11-18,Get licensed and stay compliant,Licensing by state,"Safety, health, and compliance policies",open,guide,True,State licensing renewal guidance from 2021 may have been superseded by newer Massachusetts EEC requirements.,Massachusetts EEC license renewal steps and required documentation for 0–6 programs.,https://connected.wildflowerschools.org/posts/4530848-ma-license-renewal-process-for-0-6-programs
post,4530881,[MN] Licensing FAQ: Inspections,16,2021-11-18,Get licensed and stay compliant,Licensing by state,"Safety, health, and compliance policies; Design, construction, and interior",planning; startup,guide,False,,"Minnesota licensing FAQ covering required fire, health, building, zoning, and food inspections.",https://connected.wildflowerschools.org/posts/4530881-mn-licensing-faq-inspections
post,4530875,[MN] Licensing FAQ: Staff,15,2021-11-18,Get licensed and stay compliant,Licensing by state,"Safety, health, and compliance policies; Staffing plans and finding a co-teacher leader",planning; startup; open,guide,False,,"Minnesota licensing FAQ covering staff-to-child ratios, group sizes, and staff distribution requirements.",https://connected.wildflowerschools.org/posts/4530875-mn-licensing-faq-staff
post,4596254,0-3 Minnesota Licensing,14,2022-02-22,Get licensed and stay compliant,Licensing by state,"Safety, health, and compliance policies; State-by-state nonprofit formation",planning; startup,guide,False,,Minnesota-specific guidance for applying for a 0–3 childcare license and preparing required inspections and documents.,https://connected.wildflowerschools.org/posts/4596254-0-3-minnesota-licensing
post,4530877,[MN] Licensing FAQ: Paperwork,13,2021-11-18,Get licensed and stay compliant,Licensing by state,"Safety, health, and compliance policies",planning; startup,guide,False,,"Minnesota-specific licensing paperwork, inspections, required files, and background checks.",https://connected.wildflowerschools.org/posts/4530877-mn-licensing-faq-paperwork
post,4530883,[MN] Licensing FAQ: Additional Information,12,2021-11-18,Get licensed and stay compliant,Licensing by state,"QRIS and quality ratings; Adult learning, assistants training, and exits",planning; startup; open,guide,False,,"Minnesota-specific guidance on required teacher, assistant, and Montessori credential continuing education.",https://connected.wildflowerschools.org/posts/4530883-mn-licensing-faq-additional-information
post,4595916,Food Licensing for Independent Minnesota Schools,12,2022-02-01,Get licensed and stay compliant,Licensing by state,"Safety, health, and compliance policies",planning; startup; open,guide,False,,"Minnesota guidance on food-service licensing, plan review, and fees for schools.",https://connected.wildflowerschools.org/posts/4595916-food-licensing-for-independent-minnesota-schools
post,4594669,"English Language Learner: Assessments, Placement, and Programming",8,2022-01-31,Get licensed and stay compliant,Licensing by state,"Safety, health, and compliance policies; Montessori practice, observation, and assessment",planning; startup; open,guide,False,,Minnesota-specific requirements for assessing and serving English Language Learners.,https://connected.wildflowerschools.org/posts/4594669-english-language-learner-assessments-placement-and-programming
post,4408989,Teacher Licensure - Minnesota Charter,6,2021-08-04,Get licensed and stay compliant,Licensing by state,Charter-specific compliance,planning; startup; open,guide,True,Minnesota licensure requirements and tier rules may have changed since the 2021 guidance.,Explains Minnesota teacher licensure pathways and requirements for Montessori charter-school teacher leaders.,https://connected.wildflowerschools.org/posts/4408989-teacher-licensure-minnesota-charter
post,4531162,"Marketing Starter Kit: Templates, Photos, Illustrations, Style Guide, and Quotes",988,2025-04-23,Recruit families and market,"Marketing 101, style guide, name, and logo","Website, social media, and online ads",visioning; planning; startup; open,template,False,,"Starter kit with brand guidance, promotional templates, photos, and illustrations for marketing a school.",https://connected.wildflowerschools.org/posts/4531162-marketing-starter-kit-templates-photos-illustrations-style-guide-and-quotes
post,4530755,Wildflower School Names,457,2026-09-02,Recruit families and market,"Marketing 101, style guide, name, and logo",Vocabulary and definitions,visioning; planning,directory,False,,Directory of school names to consult when choosing a new school's name.,https://connected.wildflowerschools.org/posts/4530755-wildflower-school-names
post,4542149,Wildflower School Logo Design,375,2024-03-04,Recruit families and market,"Marketing 101, style guide, name, and logo",Network membership and what the Foundation does; Vendors and network discounts,startup,guide,False,,"Guidance for creating a school logo within Wildflower’s shared branding language, including designer options and funding.",https://connected.wildflowerschools.org/posts/4542149-wildflower-school-logo-design
post,4473006,Wildflower Style Guide,295,2021-09-29,Recruit families and market,"Marketing 101, style guide, name, and logo",,visioning; planning; startup; open,guide,False,,"Defines Wildflower’s branding, visual style, and marketing guidance.",https://connected.wildflowerschools.org/posts/4473006-wildflower-style-guide
post,5286850,Network Policy: Wildflower Foundation Branding Policy,238,2026-06-11,Recruit families and market,"Marketing 101, style guide, name, and logo",Network membership and what the Foundation does,visioning; planning; startup; open,policy,False,,"Policy governing Wildflower school branding, names, and logos for member organizations.",https://connected.wildflowerschools.org/posts/5286850-network-policy-wildflower-foundation-branding-policy
post,4531030,Marketing/Student Recruitment: School Commitment & Visioning Template,134,2022-02-22,Recruit families and market,"Marketing 101, style guide, name, and logo","Enrollment playbooks and recruitment plans; Info sessions, local partnerships, and media",visioning; planning; startup,template,False,,Template for shaping a school commitment and vision to guide family recruitment and marketing.,https://connected.wildflowerschools.org/posts/4531030-marketing-student-recruitment-school-commitment-visioning-template
post,4530761,Wildflower School Name Selection Proposal Template,104,2025-11-13,Recruit families and market,"Marketing 101, style guide, name, and logo",How the School Startup Journey works,visioning; planning,template,False,,Template for proposing and selecting a Wildflower school name.,https://connected.wildflowerschools.org/posts/4530761-wildflower-school-name-selection-proposal-template
post,4658631,Montessori Quotes for Marketing,97,2022-04-11,Recruit families and market,"Marketing 101, style guide, name, and logo","Website, social media, and online ads",planning; startup; open,link,False,,Collection of Montessori quotes for use in school marketing materials.,https://connected.wildflowerschools.org/posts/4658631-montessori-quotes-for-marketing
post,4657338,Marketing 101: School Specific Marketing,79,2022-04-06,Recruit families and market,"Marketing 101, style guide, name, and logo","Website, social media, and online ads",visioning; planning; startup; open,guide,False,,"Guidance for defining a school's unique marketing messages, name, logo, and content.",https://connected.wildflowerschools.org/posts/4657338-marketing-101-school-specific-marketing
post,4656623,Marketing 101,75,2022-04-05,Recruit families and market,"Marketing 101, style guide, name, and logo",Enrollment playbooks and recruitment plans,visioning; planning; startup; open,guide,False,,Introductory guidance on defining a school’s marketing message and understanding parent priorities.,https://connected.wildflowerschools.org/posts/4656623-marketing-101
post,5430276,Approved photos for Wildflower Schools marketing,66,2024-06-25,Recruit families and market,"Marketing 101, style guide, name, and logo","Website, social media, and online ads",startup; open,directory,False,,Directory of approved photos for school marketing and communications.,https://connected.wildflowerschools.org/posts/5430276-approved-photos-for-wildflower-schools-marketing
post,4656632,A Guide to School Marketing: Define Your School Experience Worksheet,55,2022-04-05,Recruit families and market,"Marketing 101, style guide, name, and logo",Enrollment playbooks and recruitment plans,visioning; planning; startup,template,False,,Worksheet for defining and articulating the school experience as part of marketing strategy.,https://connected.wildflowerschools.org/posts/4656632-a-guide-to-school-marketing-define-your-school-experience-worksheet
post,4657501,Marketing in Multiple Languages,44,2022-04-06,Recruit families and market,"Marketing 101, style guide, name, and logo","Website, social media, and online ads; Family education and Montessori 101",planning; startup,guide,False,,Guidance on culturally adapting multilingual marketing and choosing professional translation services for families.,https://connected.wildflowerschools.org/posts/4657501-marketing-in-multiple-languages
post,4657494,Marketing: Creating Welcoming Environments for Diverse Audiences,24,2022-04-06,Recruit families and market,"Marketing 101, style guide, name, and logo","Liberation, equity, and anti-bias work; Family education and Montessori 101",visioning; planning; startup; open,guide,False,,Guidance for making school environments and marketing welcoming and culturally responsive to diverse families.,https://connected.wildflowerschools.org/posts/4657494-marketing-creating-welcoming-environments-for-diverse-audiences
post,4658592,Marketing: Reputation Rescue,22,2022-04-07,Recruit families and market,"Marketing 101, style guide, name, and logo","Info sessions, local partnerships, and media; Radical transparency and wholeness",planning; startup; open,guide,False,,Guidance for protecting and repairing a school’s public reputation.,https://connected.wildflowerschools.org/posts/4658592-marketing-reputation-rescue
post,5193727,Proceso de Wildflower para Seleccionar el Nombre de su Escuela,9,2023-10-18,Recruit families and market,"Marketing 101, style guide, name, and logo",Network membership and what the Foundation does,visioning; planning,guide,False,,Guía para investigar y seleccionar el nombre de una escuela Wildflower.,https://connected.wildflowerschools.org/posts/5193727-proceso-de-wildflower-para-seleccionar-el-nombre-de-su-escuela
post,5193731,Propuesta para Nombrar su Escuela Wildflower ,9,2023-10-18,Recruit families and market,"Marketing 101, style guide, name, and logo",,visioning; planning,template,False,,Plantilla para elegir y nombrar una escuela Wildflower.,https://connected.wildflowerschools.org/posts/5193731-propuesta-para-nombrar-su-escuela-wildflower
post,4656601,Family Information Session Deck Template,210,2022-04-05,Recruit families and market,"Info sessions, local partnerships, and media","Marketing 101, style guide, name, and logo; Family education and Montessori 101",startup; open,template,False,,Template slide deck for presenting the school to prospective families at an information session.,https://connected.wildflowerschools.org/posts/4656601-family-information-session-deck-template
post,4658296,Utilizing Local Partnerships for Marketing,139,2022-04-07,Recruit families and market,"Info sessions, local partnerships, and media",Enrollment playbooks and recruitment plans,visioning; planning; startup,guide,False,,"Guide to using community partnerships, presentations, calendars, and local organizations to recruit families.",https://connected.wildflowerschools.org/posts/4658296-utilizing-local-partnerships-for-marketing
post,4811468,New School Opening Media Kit ,132,2025-07-03,Recruit families and market,"Info sessions, local partnerships, and media","Marketing 101, style guide, name, and logo; Enrollment playbooks and recruitment plans",startup,template,False,,Media kit template for generating local press coverage around a school opening.,https://connected.wildflowerschools.org/posts/4811468-new-school-opening-media-kit
post,4657506,Using Local Media for Marketing,65,2022-04-06,Recruit families and market,"Info sessions, local partnerships, and media","Marketing 101, style guide, name, and logo",visioning; planning; startup; open,template,False,,"Guidance and a press-release template for promoting a school through local newspapers, bloggers, and community events.",https://connected.wildflowerschools.org/posts/4657506-using-local-media-for-marketing
post,4657368,Generating Marketing Reviews,47,2022-04-06,Recruit families and market,"Info sessions, local partnerships, and media","Website, social media, and online ads; Enrollment playbooks and recruitment plans",planning; startup; open,guide,False,,"Guide to generating school visibility through parent reviews, social check-ins, and realtor partnerships.",https://connected.wildflowerschools.org/posts/4657368-generating-marketing-reviews
post,4624253,Invitation Example for Organizing a Community Fair,31,2022-02-28,Recruit families and market,"Info sessions, local partnerships, and media",Enrollment playbooks and recruitment plans,startup; open,example,True,This is an invitation for a past community fair held in 2022.,Example invitation and event plan for a community fair that introduces Wildflower to prospective families.,https://connected.wildflowerschools.org/posts/4624253-invitation-example-for-organizing-a-community-fair
post,4658382,Hub level Marketing,25,2022-04-07,Recruit families and market,"Info sessions, local partnerships, and media","Website, social media, and online ads; Marketing 101, style guide, name, and logo",planning; startup; open,guide,False,,"Ideas for coordinating hub-level events, social media, and shared local advertising.",https://connected.wildflowerschools.org/posts/4658382-hub-level-marketing
post,4515248,School Information Session Invitation Example from Violeta Montessori,21,2022-04-07,Recruit families and market,"Info sessions, local partnerships, and media",Enrollment playbooks and recruitment plans,startup,example,False,,Example invitation for a school information session to recruit prospective families.,https://connected.wildflowerschools.org/posts/4515248-school-information-session-invitation-example-from-violeta-montessori
post,4395981,Admissions and Enrollment-  stepback & planning session,72,2021-07-26,Recruit families and market,Enrollment playbooks and recruitment plans,"Family communications (accepted, waitlist, re-enrollment)",planning; startup; open,training,False,,Session materials for reviewing enrollment progress and planning recruitment work.,https://connected.wildflowerschools.org/posts/4395981-admissions-and-enrollment-stepback-planning-session
post,4531022,Virtual Marketing/Student Recruitment: Advice from the Network Video,69,2022-04-05,Recruit families and market,Enrollment playbooks and recruitment plans,"Info sessions, local partnerships, and media; Website, social media, and online ads",planning; startup,training,False,,Network training on marketing strategies and recruiting students.,https://connected.wildflowerschools.org/posts/4531022-virtual-marketing-student-recruitment-advice-from-the-network-video
post,4658598,Charter Specific Marketing,67,2022-04-07,Recruit families and market,Enrollment playbooks and recruitment plans,"Marketing 101, style guide, name, and logo; Charter-specific compliance",planning; startup; open,guide,False,,"Charter-focused guidance for using district data, school performance information, and choice trends to recruit students.",https://connected.wildflowerschools.org/posts/4658598-charter-specific-marketing
post,4658605,"Marketing: Enrollment Playbook -  Generating Leads, from the Charter School Growth Fund",63,2022-04-07,Recruit families and market,Enrollment playbooks and recruitment plans,"Info sessions, local partnerships, and media",planning; startup,guide,False,,Enrollment playbook focused on generating prospective-family leads.,https://connected.wildflowerschools.org/posts/4658605-marketing-enrollment-playbook-generating-leads-from-the-charter-school-growth-f
post,4657361,Using Marketing Surveys,52,2022-04-06,Recruit families and market,Enrollment playbooks and recruitment plans,"Info sessions, local partnerships, and media; Family communications (accepted, waitlist, re-enrollment)",startup; open,guide,False,,"Guidance and sample forms for using surveys to improve event feedback, enrollment interest, re-enrollment, and referrals.",https://connected.wildflowerschools.org/posts/4657361-using-marketing-surveys
post,4657346,Creating & Tracking Marketing Goals,31,2022-04-06,Recruit families and market,Enrollment playbooks and recruitment plans,"Marketing 101, style guide, name, and logo",planning; startup; open,guide,False,,"Guide to setting measurable marketing goals, benchmarks, and enrollment-focused priorities.",https://connected.wildflowerschools.org/posts/4657346-creating-tracking-marketing-goals
post,6066353,Wildflower Enrollment Playbooks,9,2026-09-16,Recruit families and market,Enrollment playbooks and recruitment plans,"Marketing 101, style guide, name, and logo; Family communications (accepted, waitlist, re-enrollment)",visioning; planning; startup; open,guide,False,,Enrollment playbooks and Canva templates help emerging and open schools plan and execute family recruitment.,https://connected.wildflowerschools.org/posts/6066353-wildflower-enrollment-playbooks
post,4837798,How to sync a Google Calendar with your Wix website,421,2022-10-20,Recruit families and market,"Website, social media, and online ads","Google Workspace, email, drives, and devices",startup; open,guide,False,,Instructions for publishing a school's Google Calendar on its Wix website.,https://connected.wildflowerschools.org/posts/4837798-how-to-sync-a-google-calendar-with-your-wix-website
post,4538905,School Websites Overview of Options,204,2025-01-16,Recruit families and market,"Website, social media, and online ads","Marketing 101, style guide, name, and logo; Network membership and what the Foundation does",visioning; planning; startup,guide,False,,"Guidance on choosing and building a school website, including Wildflower’s template and membership-related access.",https://connected.wildflowerschools.org/posts/4538905-school-websites-overview-of-options
post,4824726,School Website: Wix Template Tutorials,161,2022-10-05,Recruit families and market,"Website, social media, and online ads","Google Workspace, email, drives, and devices",planning; startup; open,guide,False,,"Tutorials for updating a school’s Wix website, including its logo, name, and address.",https://connected.wildflowerschools.org/posts/4824726-school-website-wix-template-tutorials
post,4544223,Marketing: Google for Business,104,2023-02-19,Recruit families and market,"Website, social media, and online ads","Marketing 101, style guide, name, and logo",planning; startup; open,guide,False,,"Guide to setting up Google Business, Analytics, Alerts, and Search Console to market and measure the school's online presence.",https://connected.wildflowerschools.org/posts/4544223-marketing-google-for-business
post,5357625,Adding donation options to your website,90,2024-06-05,Recruit families and market,"Website, social media, and online ads",Fundraising campaigns and donor communications,planning; startup; open,guide,False,,Guide to adding donation links and calls to action across a school website and social channels.,https://connected.wildflowerschools.org/posts/5357625-adding-donation-options-to-your-website
post,4531171,School Website & Virtual Student Recruitment Ideas,88,2022-02-22,Recruit families and market,"Website, social media, and online ads","Info sessions, local partnerships, and media; Enrollment agreements and forms",startup; open,guide,False,,"Ideas for using a school website, social media, videos, and virtual events to recruit families.",https://connected.wildflowerschools.org/posts/4531171-school-website-virtual-student-recruitment-ideas
post,5177805,Marketing Advice from Rain Lily Montessori,85,2023-10-04,Recruit families and market,"Website, social media, and online ads","Info sessions, local partnerships, and media; Enrollment playbooks and recruitment plans",startup; open,training,False,,Practical social media and enrollment marketing advice from a fellow Wildflower school.,https://connected.wildflowerschools.org/posts/5177805-marketing-advice-from-rain-lily-montessori
post,5042980,Wildflower Website Request Form,81,2026-01-13,Recruit families and market,"Website, social media, and online ads",Request forms and Foundation support,visioning; planning; startup; open,guide,False,,Instructions for requesting and transitioning to the Wildflower Wix school website template.,https://connected.wildflowerschools.org/posts/5042980-wildflower-website-request-form
post,4657400,Facebook Marketing,76,2022-04-06,Recruit families and market,"Website, social media, and online ads","Marketing 101, style guide, name, and logo",planning; startup; open,guide,False,,Practical guidance for using Facebook to market and engage prospective school families.,https://connected.wildflowerschools.org/posts/4657400-facebook-marketing
post,4657463,"Digital Marketing Webinar, 2019",75,2022-04-06,Recruit families and market,"Website, social media, and online ads","Marketing 101, style guide, name, and logo",startup; open,training,True,Recorded webinar from 2019 with potentially dated social media marketing guidance.,Webinar recording covering Facebook and social media marketing for Wildflower schools.,https://connected.wildflowerschools.org/posts/4657463-digital-marketing-webinar-2019
post,4531168,Online Advertising,50,2022-04-06,Recruit families and market,"Website, social media, and online ads","Marketing 101, style guide, name, and logo",startup; open,guide,False,,"Cost and setup guidance for online advertising platforms such as Google, Facebook, Nextdoor, and Yelp.",https://connected.wildflowerschools.org/posts/4531168-online-advertising
post,4657428,Nextdoor Marketing,49,2022-04-06,Recruit families and market,"Website, social media, and online ads","Info sessions, local partnerships, and media; Marketing 101, style guide, name, and logo",planning; startup; open,guide,False,,"Guide to promoting a school through Nextdoor, including listings, recommendations, and event announcements.",https://connected.wildflowerschools.org/posts/4657428-nextdoor-marketing
post,4657490,Social Ads: How to Boost Organic Results with Paid Advertising,36,2022-04-06,Recruit families and market,"Website, social media, and online ads","Marketing 101, style guide, name, and logo",planning; startup; open,training,False,,Webinar and slide deck on using paid social advertising to support school marketing.,https://connected.wildflowerschools.org/posts/4657490-social-ads-how-to-boost-organic-results-with-paid-advertising
post,4657434,Marketing: Search Engine Optimization,29,2022-04-06,Recruit families and market,"Website, social media, and online ads","Marketing 101, style guide, name, and logo; Info sessions, local partnerships, and media",planning; startup; open,guide,False,,"Guide to improving school website visibility through SEO, inbound links, and Google Business listings.",https://connected.wildflowerschools.org/posts/4657434-marketing-search-engine-optimization
post,5923409,Social Media Advice from Moving Mountains Montessori,23,2026-01-21,Recruit families and market,"Website, social media, and online ads","Marketing 101, style guide, name, and logo",startup; open,guide,False,,Practical social media guidance for marketing a Montessori school.,https://connected.wildflowerschools.org/posts/5923409-social-media-advice-from-moving-mountains-montessori
post,4723015,Gaining 501c3 Tax-Exempt Status and Wildflower's Group Exemption,899,2023-12-06,Form your nonprofit,501c3 status and the group exemption,State-by-state nonprofit formation; Network Membership and charter affiliation agreements,planning; startup,guide,False,,Explains federal 501(c)(3) status requirements and Wildflower’s group exemption option.,https://connected.wildflowerschools.org/posts/4723015-gaining-501c3-tax-exempt-status-and-wildflower-s-group-exemption
post,5019941,Wildflower 501c3 Group Exemption Application ,221,2026-02-10,Form your nonprofit,501c3 status and the group exemption,State-by-state nonprofit formation; Network Membership and charter affiliation agreements,planning,template,False,,Application template for obtaining 501(c)(3) status through the Wildflower Foundation group exemption.,https://connected.wildflowerschools.org/posts/5019941-wildflower-501c3-group-exemption-application
post,5252899,Group Exemption - school name in the IRS database (the BMF),60,2024-11-15,Form your nonprofit,501c3 status and the group exemption,Network Membership and charter affiliation agreements; Fundraising campaigns and donor communications,planning; startup; open,guide,False,,Explains how schools appear in IRS records under Wildflower’s group exemption and how donors can verify tax-deductible contributions.,https://connected.wildflowerschools.org/posts/5252899-group-exemption-school-name-in-the-irs-database-the-bmf
post,5340552,Updating Your School’s Guidestar Profile,59,2024-02-26,Form your nonprofit,501c3 status and the group exemption,Request forms and Foundation support,planning; startup; open,guide,False,,Instructions for updating a school's nonprofit profile and displaying its own EIN and name on GuideStar.,https://connected.wildflowerschools.org/posts/5340552-updating-your-school-s-guidestar-profile
post,4609121,Keys to Maintaining the School's Nonprofit Status for Teacher Leaders ,51,2022-07-18,Form your nonprofit,501c3 status and the group exemption,"Fiscal policies, audits, and the 990; Bylaws, EIN, bank account, insurance",planning; startup; open,guide,False,,Guidance for maintaining federal nonprofit status and complying with the Wildflower group exemption.,https://connected.wildflowerschools.org/posts/4609121-keys-to-maintaining-the-school-s-nonprofit-status-for-teacher-leaders
post,4491037,Network Membership Agreement,812,2024-12-13,Form your nonprofit,Network Membership and charter affiliation agreements,Network membership and what the Foundation does; Board resolutions library,visioning; planning,template,False,,"Current network membership agreements for independent and charter schools, including signing guidance and a related board resolution.",https://connected.wildflowerschools.org/posts/4491037-network-membership-agreement
post,4493216,Annotated Network Membership Agreement,173,2023-01-04,Form your nonprofit,Network Membership and charter affiliation agreements,Network membership and what the Foundation does,visioning; planning,guide,False,,Annotated guide explaining the legal language in the Wildflower Network Membership Agreement.,https://connected.wildflowerschools.org/posts/4493216-annotated-network-membership-agreement
post,4609028,Network Membership Agreement: Often-Used Language,135,2024-12-13,Form your nonprofit,Network Membership and charter affiliation agreements,Network membership and what the Foundation does; Vocabulary and definitions,visioning; planning,guide,False,,Explains commonly used language in the Network Membership Agreement for schools and charters.,https://connected.wildflowerschools.org/posts/4609028-network-membership-agreement-often-used-language
post,4609013,Module 2: Network Membership Commitments in Practice,115,2024-02-06,Form your nonprofit,Network Membership and charter affiliation agreements,Network membership and what the Foundation does,planning; startup; open,training,False,,Training module with illustrative examples for living out Wildflower affiliation agreement commitments.,https://connected.wildflowerschools.org/posts/4609013-module-2-network-membership-commitments-in-practice
post,5045777,Network Membership Agreement Request Form,78,2023-12-06,Form your nonprofit,Network Membership and charter affiliation agreements,Network membership and what the Foundation does,planning; startup,template,False,,Request form for preparing and signing a Wildflower Network Membership Agreement.,https://connected.wildflowerschools.org/posts/5045777-network-membership-agreement-request-form
post,4665975,WNYCS Charter Affiliation Agreement,73,2022-04-13,Form your nonprofit,Network Membership and charter affiliation agreements,Charter-specific compliance,planning; startup; open,policy,False,,Validated charter school affiliation agreement for Wildflower New York.,https://connected.wildflowerschools.org/posts/4665975-wnycs-charter-affiliation-agreement
post,4915897,Network Membership Agreement - Spanish,60,2024-01-31,Form your nonprofit,Network Membership and charter affiliation agreements,Network membership and what the Foundation does,planning; startup; open,link,False,,"Spanish version of the Network Membership Agreement defining the relationship among the school, Wildflower Network, and lead guides.",https://connected.wildflowerschools.org/posts/4915897-network-membership-agreement-spanish
post,4632869,Afiliación en Acción,45,2022-03-09,Form your nonprofit,Network Membership and charter affiliation agreements,Network membership and what the Foundation does; The principles and purpose,discovery; visioning; planning; startup; open,guide,False,,Guía en español que explica la afiliación a Wildflower y los compromisos del Acuerdo de Afiliación.,https://connected.wildflowerschools.org/posts/4632869-afiliacion-en-accion
post,4666040,DC Wildflower PCS Services and Charter Affiliation Agreement,17,2022-04-13,Form your nonprofit,Network Membership and charter affiliation agreements,Charter-specific compliance,planning; startup,example,False,,Signed example of a combined services and charter affiliation agreement submitted with a DC public charter application.,https://connected.wildflowerschools.org/posts/4666040-dc-wildflower-pcs-services-and-charter-affiliation-agreement
post,4665995,MWMS Affiliation Agreement,15,2022-04-13,Form your nonprofit,Network Membership and charter affiliation agreements,,planning; startup; open,example,False,,"Board-approved, signed example of a Minnesota charter school affiliation agreement.",https://connected.wildflowerschools.org/posts/4665995-mwms-affiliation-agreement
post,4665986,WNYCS Partnership Agreement,7,2022-04-13,Form your nonprofit,Network Membership and charter affiliation agreements,Network membership and what the Foundation does,planning; startup; open,policy,False,,Signed partnership agreement defining additional Foundation services for a charter-affiliated school.,https://connected.wildflowerschools.org/posts/4665986-wnycs-partnership-agreement
post,4666003,MWMS Service Agreement,4,2022-04-13,Form your nonprofit,Network Membership and charter affiliation agreements,Network membership and what the Foundation does,planning; startup; open,other,False,,Service agreement defining Foundation services and benefits for an affiliated school.,https://connected.wildflowerschools.org/posts/4666003-mwms-service-agreement
post,4544317,Opening a Bank Account,145,2025-08-27,Form your nonprofit,"Bylaws, EIN, bank account, insurance","Bookkeeping, QuickBooks, and chart of accounts; Board resolutions library",planning; startup,guide,False,,"Guide to opening the school’s bank account, including required nonprofit documents and a board authorization resolution.",https://connected.wildflowerschools.org/posts/4544317-opening-a-bank-account
post,4778744,Bylaws: Graphic Organizer Tool,79,2022-08-12,Form your nonprofit,"Bylaws, EIN, bank account, insurance",Board basics and recruiting members,planning; open,template,False,,Graphic organizer and reference tool for understanding a school’s bylaws.,https://connected.wildflowerschools.org/posts/4778744-bylaws-graphic-organizer-tool
post,5448716,Updating your Business (School) Address,49,2024-07-31,Form your nonprofit,"Bylaws, EIN, bank account, insurance","Leases, guaranties, and legal review; Licensing by state",planning; startup; open,guide,False,,"Checklist for updating a school’s address with government agencies, banks, insurers, vendors, and service providers.",https://connected.wildflowerschools.org/posts/5448716-updating-your-business-school-address
post,5370374,Nonprofit Formation - TX Independent Schools,364,2025-05-21,Form your nonprofit,State-by-state nonprofit formation,"501c3 status and the group exemption; Bylaws, EIN, bank account, insurance",planning,guide,False,,"Texas-specific steps and templates for forming a school nonprofit, including board, incorporation, and required governing documents.",https://connected.wildflowerschools.org/posts/5370374-nonprofit-formation-tx-independent-schools
post,4409037,Nonprofit Formation - CA Independent Schools,298,2024-02-08,Form your nonprofit,State-by-state nonprofit formation,"501c3 status and the group exemption; Bylaws, EIN, bank account, insurance",planning,guide,False,,California-specific steps and templates for forming a school nonprofit entity.,https://connected.wildflowerschools.org/posts/4409037-nonprofit-formation-ca-independent-schools
post,4452434,Nonprofit Formation - PA Independent Schools,270,2025-09-24,Form your nonprofit,State-by-state nonprofit formation,"501c3 status and the group exemption; Bylaws, EIN, bank account, insurance",planning,guide,False,,Pennsylvania-specific instructions and templates for forming a Wildflower school nonprofit.,https://connected.wildflowerschools.org/posts/4452434-nonprofit-formation-pa-independent-schools
post,4454531,Nonprofit Formation - NY Independent Schools (ages 0-6),226,2024-08-22,Form your nonprofit,State-by-state nonprofit formation,"501c3 status and the group exemption; Bylaws, EIN, bank account, insurance",planning,guide,False,,"New York-specific guide to forming a school nonprofit, including incorporation steps and required templates.",https://connected.wildflowerschools.org/posts/4454531-nonprofit-formation-ny-independent-schools-ages-0-6
post,5233015,Nonprofit Formation - TN Independent Schools,200,2024-04-05,Form your nonprofit,State-by-state nonprofit formation,"501c3 status and the group exemption; Bylaws, EIN, bank account, insurance",planning,guide,False,,Tennessee-specific instructions and templates for forming a Wildflower school nonprofit.,https://connected.wildflowerschools.org/posts/5233015-nonprofit-formation-tn-independent-schools
post,4969760,Nonprofit Formation - UT Independent Schools,176,2023-12-06,Form your nonprofit,State-by-state nonprofit formation,"501c3 status and the group exemption; Bylaws, EIN, bank account, insurance",planning,guide,False,,Utah-specific steps and templates for forming a Wildflower school nonprofit.,https://connected.wildflowerschools.org/posts/4969760-nonprofit-formation-ut-independent-schools
post,5045594,Nonprofit Formation - MI Independent Schools,176,2023-12-06,Form your nonprofit,State-by-state nonprofit formation,"501c3 status and the group exemption; Bylaws, EIN, bank account, insurance",planning,guide,False,,Michigan-specific steps and templates for forming a Wildflower school nonprofit.,https://connected.wildflowerschools.org/posts/5045594-nonprofit-formation-mi-independent-schools
post,5045549,Nonprofit Formation - GA Independent Schools,172,2023-12-06,Form your nonprofit,State-by-state nonprofit formation,"501c3 status and the group exemption; Bylaws, EIN, bank account, insurance",planning,guide,False,,Georgia-specific instructions and templates for forming a Wildflower school nonprofit.,https://connected.wildflowerschools.org/posts/5045549-nonprofit-formation-ga-independent-schools
post,4398367,Nonprofit Formation - MN Independent Schools,169,2023-12-06,Form your nonprofit,State-by-state nonprofit formation,"501c3 status and the group exemption; Bylaws, EIN, bank account, insurance",planning,guide,False,,Minnesota-specific steps and templates for forming a Wildflower school nonprofit.,https://connected.wildflowerschools.org/posts/4398367-nonprofit-formation-mn-independent-schools
post,5340393,Nonprofit Formation - MD Independent Schools,169,2024-05-01,Form your nonprofit,State-by-state nonprofit formation,"501c3 status and the group exemption; Bylaws, EIN, bank account, insurance",planning,guide,False,,Maryland-specific steps and templates for forming a school nonprofit.,https://connected.wildflowerschools.org/posts/5340393-nonprofit-formation-md-independent-schools
post,4440221,Nonprofit Formation - MA Independent Schools,134,2025-07-31,Form your nonprofit,State-by-state nonprofit formation,"501c3 status and the group exemption; Bylaws, EIN, bank account, insurance",planning,guide,False,,"Massachusetts-specific nonprofit formation guide with incorporation, bylaws, and group exemption templates.",https://connected.wildflowerschools.org/posts/4440221-nonprofit-formation-ma-independent-schools
post,4440181,Nonprofit Formation - NJ Independent Schools,128,2023-12-06,Form your nonprofit,State-by-state nonprofit formation,"501c3 status and the group exemption; Bylaws, EIN, bank account, insurance",planning,guide,False,,"New Jersey-specific guide to forming a school nonprofit, including incorporation templates and group-exemption considerations.",https://connected.wildflowerschools.org/posts/4440181-nonprofit-formation-nj-independent-schools
post,5081504,Nonprofit Formation - NM Independent Schools,127,2023-12-06,Form your nonprofit,State-by-state nonprofit formation,"501c3 status and the group exemption; Bylaws, EIN, bank account, insurance",planning,guide,False,,"New Mexico-specific steps and templates for forming a school nonprofit, including board and incorporation documents.",https://connected.wildflowerschools.org/posts/5081504-nonprofit-formation-nm-independent-schools
post,4440206,Nonprofit Formation - OH Independent Schools,120,2024-08-28,Form your nonprofit,State-by-state nonprofit formation,"501c3 status and the group exemption; Bylaws, EIN, bank account, insurance",planning,guide,False,,"Ohio-specific nonprofit formation guide with required incorporation, bylaws, and related templates.",https://connected.wildflowerschools.org/posts/4440206-nonprofit-formation-oh-independent-schools
post,5236085,Nonprofit Formation - AR Independent Schools,101,2023-12-06,Form your nonprofit,State-by-state nonprofit formation,"501c3 status and the group exemption; Bylaws, EIN, bank account, insurance",planning,guide,False,,Arkansas-specific steps and templates for incorporating a Wildflower school nonprofit.,https://connected.wildflowerschools.org/posts/5236085-nonprofit-formation-ar-independent-schools
post,4454513,Nonprofit Formation - VA Independent Schools,100,2023-12-06,Form your nonprofit,State-by-state nonprofit formation,"501c3 status and the group exemption; Bylaws, EIN, bank account, insurance",planning,guide,False,,Virginia-specific steps and templates for forming a Wildflower school nonprofit.,https://connected.wildflowerschools.org/posts/4454513-nonprofit-formation-va-independent-schools
post,4452427,Nonprofit Formation - CO Independent Schools,85,2024-02-05,Form your nonprofit,State-by-state nonprofit formation,"501c3 status and the group exemption; Bylaws, EIN, bank account, insurance",planning,guide,False,,"Colorado-specific guide to forming a nonprofit, with required formation templates and group-exemption considerations.",https://connected.wildflowerschools.org/posts/4452427-nonprofit-formation-co-independent-schools
post,4454524,Nonprofit Formation - NC Independent Schools,84,2024-11-04,Form your nonprofit,State-by-state nonprofit formation,"501c3 status and the group exemption; Bylaws, EIN, bank account, insurance",planning,guide,False,,North Carolina nonprofit formation guidance with related 501(c)(3) and template-document requirements.,https://connected.wildflowerschools.org/posts/4454524-nonprofit-formation-nc-independent-schools
post,4452403,Nonprofit Formation - PR Independent Schools,83,2024-01-11,Form your nonprofit,State-by-state nonprofit formation,"501c3 status and the group exemption; Bylaws, EIN, bank account, insurance",planning,guide,False,,Puerto Rico-specific steps and templates for forming a Wildflower school nonprofit.,https://connected.wildflowerschools.org/posts/4452403-nonprofit-formation-pr-independent-schools
post,4454500,Nonprofit Formation - FL Independent Schools,83,2024-01-30,Form your nonprofit,State-by-state nonprofit formation,"501c3 status and the group exemption; Bylaws, EIN, bank account, insurance",planning,guide,False,,"Florida-specific guide to forming a school nonprofit, including required incorporation templates and group-exemption considerations.",https://connected.wildflowerschools.org/posts/4454500-nonprofit-formation-fl-independent-schools
post,5461275,Nonprofit Formation - OR Independent Schools,82,2024-09-23,Form your nonprofit,State-by-state nonprofit formation,"501c3 status and the group exemption; Bylaws, EIN, bank account, insurance",planning,guide,False,,Oregon-specific steps and templates for forming a Wildflower school nonprofit.,https://connected.wildflowerschools.org/posts/5461275-nonprofit-formation-or-independent-schools
post,4915186,Nonprofit Formation - DE Independent Schools,74,2023-12-06,Form your nonprofit,State-by-state nonprofit formation,"501c3 status and the group exemption; Bylaws, EIN, bank account, insurance",planning,guide,False,,Delaware-specific instructions and templates for forming a Wildflower school nonprofit.,https://connected.wildflowerschools.org/posts/4915186-nonprofit-formation-de-independent-schools
post,5045643,Nonprofit Formation -DC Independent Schools,71,2023-12-06,Form your nonprofit,State-by-state nonprofit formation,"501c3 status and the group exemption; Bylaws, EIN, bank account, insurance",planning,guide,False,,"Washington DC-specific steps and templates for forming a school nonprofit, including group exemption requirements.",https://connected.wildflowerschools.org/posts/5045643-nonprofit-formation-dc-independent-schools
post,5812724,Nonprofit Formation - NV Charter Schools,69,2025-08-20,Form your nonprofit,State-by-state nonprofit formation,"501c3 status and the group exemption; Bylaws, EIN, bank account, insurance",planning,guide,False,,Nevada-specific instructions and templates for forming a nonprofit charter school.,https://connected.wildflowerschools.org/posts/5812724-nonprofit-formation-nv-charter-schools
post,5312773,Nonprofit Formation - NH Independent Schools,62,2024-06-25,Form your nonprofit,State-by-state nonprofit formation,"501c3 status and the group exemption; Bylaws, EIN, bank account, insurance",planning,guide,False,,New Hampshire-specific instructions and templates for forming a school nonprofit entity.,https://connected.wildflowerschools.org/posts/5312773-nonprofit-formation-nh-independent-schools
post,4452412,Nonprofit Formation - RI Independent Schools,49,2023-12-06,Form your nonprofit,State-by-state nonprofit formation,"501c3 status and the group exemption; Bylaws, EIN, bank account, insurance",planning,guide,False,,Rhode Island-specific instructions and templates for forming a Wildflower school nonprofit.,https://connected.wildflowerschools.org/posts/4452412-nonprofit-formation-ri-independent-schools
post,4489352,Nonprofit Formation - CT Independent Schools,49,2023-12-06,Form your nonprofit,State-by-state nonprofit formation,"501c3 status and the group exemption; Bylaws, EIN, bank account, insurance",planning,guide,False,,Connecticut-specific steps and templates for forming a Wildflower school nonprofit.,https://connected.wildflowerschools.org/posts/4489352-nonprofit-formation-ct-independent-schools
post,5045672,Nonprofit Formation - IN Independent Schools,25,2023-12-06,Form your nonprofit,State-by-state nonprofit formation,"501c3 status and the group exemption; Bylaws, EIN, bank account, insurance",planning,guide,False,,Indiana-specific steps and templates for forming a Wildflower school nonprofit.,https://connected.wildflowerschools.org/posts/5045672-nonprofit-formation-in-independent-schools
post,4456880,Montessori at Home: Language Printables and Resources,18,2022-01-10,Run the classroom and program,Montessori at home and distance learning,"Montessori practice, observation, and assessment",startup; open,guide,True,Collected for COVID-era distance learning in September 2020 and last updated in 2022.,Language printables and resources for Montessori learning at home.,https://connected.wildflowerschools.org/posts/4456880-montessori-at-home-language-printables-and-resources
post,4451007,Montessori at Home: Primary Sensorial Webinar,12,2022-02-22,Run the classroom and program,Montessori at home and distance learning,"Montessori practice, observation, and assessment",startup; open,training,True,Webinar recording from August 2020 with no indication of current guidance.,Webinar training on adapting Primary sensorial Montessori work for learning at home.,https://connected.wildflowerschools.org/posts/4451007-montessori-at-home-primary-sensorial-webinar
post,4455871,Montessori at Home: Primary Language Webinar,11,2022-02-22,Run the classroom and program,Montessori at home and distance learning,"Montessori practice, observation, and assessment",open,training,True,Webinar offered in September 2020 and is a dated past training recording.,Recorded training on supporting primary children’s Montessori language work at home.,https://connected.wildflowerschools.org/posts/4455871-montessori-at-home-primary-language-webinar
post,4556160,24-25 Calendar Template & Considerations,371,2024-03-11,Run the classroom and program,School calendar and schedules,,planning; startup; open,template,True,This is a 2024–2025 school-year calendar template and is superseded for current planning.,Template and considerations for building a school-year calendar.,https://connected.wildflowerschools.org/posts/4556160-24-25-calendar-template-considerations
post,4556171,"22-23 Calendar ""Make & Take"" Session Slide Deck",46,2022-05-31,Run the classroom and program,School calendar and schedules,"Past gatherings, session notes, and dated reports",planning; startup; open,training,True,Dated 2022–23 calendar session materials have been superseded by newer school-year guidance.,Slide deck and templates for creating a school calendar.,https://connected.wildflowerschools.org/posts/4556171-22-23-calendar-make-take-session-slide-deck
post,4556164,22-23 Consideraciones para su calendario (en español),8,2022-01-18,Run the classroom and program,School calendar and schedules,,planning; startup; open,template,True,A dated 2022–2023 school calendar template and session resource.,Spanish school-calendar template with planning considerations for the 2022–2023 year.,https://connected.wildflowerschools.org/posts/4556164-22-23-consideraciones-para-su-calendario-en-espanol
post,4530979,Montessori Materials Lists and Vendors,484,2025-08-13,Run the classroom and program,Montessori materials and vendors,Vendors and network discounts; What it costs to start and open,planning; startup; open,directory,False,,"Lists Montessori materials, classroom furniture vendors, and Wildflower network discounts.",https://connected.wildflowerschools.org/posts/4530979-montessori-materials-lists-and-vendors
post,5361026,Map Flowers,144,2024-03-19,Run the classroom and program,Montessori materials and vendors,Vocabulary and definitions,discovery; visioning; planning; startup; open,other,False,,Illustration resource with unclear context; likely supports classroom materials or shared Wildflower vocabulary.,https://connected.wildflowerschools.org/posts/5361026-map-flowers
post,5043090,"[Network Partner]
Montessori Classroom Materials: Learning Beautiful",44,2023-06-14,Run the classroom and program,Montessori materials and vendors,Vendors and network discounts,startup; open,directory,False,,Network-partner vendor offering Montessori-inspired computational thinking materials and educator training.,https://connected.wildflowerschools.org/posts/5043090-network-partner-montessori-classroom-materials-learning-beautiful
post,4456910,Montessori Language Material: Interpretive Reading,10,2022-01-10,Run the classroom and program,Montessori materials and vendors,"Montessori practice, observation, and assessment",startup; open,other,False,,Primary Montessori language material for interpretive reading.,https://connected.wildflowerschools.org/posts/4456910-montessori-language-material-interpretive-reading
post,4456871,"Montessori Language Material: Poems, Rhymes and Tongue Twisters",9,2021-09-15,Run the classroom and program,Montessori materials and vendors,"Montessori practice, observation, and assessment",startup; open,example,False,,"Montessori language materials featuring poems, rhymes, and tongue twisters for Primary classrooms.",https://connected.wildflowerschools.org/posts/4456871-montessori-language-material-poems-rhymes-and-tongue-twisters
post,4456628,"Montessori Language Material:                
Animals and their Collective",9,2021-09-15,Run the classroom and program,Montessori materials and vendors,"Montessori practice, observation, and assessment",open,example,False,,Montessori nomenclature three-part cards for teaching animal group names.,https://connected.wildflowerschools.org/posts/4456628-montessori-language-material-animals-and-their-collective
post,4733491,End of the Year Reflection Tool,60,2022-06-21,Run the classroom and program,"Montessori practice, observation, and assessment","Adult learning, assistants training, and exits; Board health, reflection, and training",open,template,False,,End-of-year reflection tool for teacher leaders to assess classroom practice and growth.,https://connected.wildflowerschools.org/posts/4733491-end-of-the-year-reflection-tool
post,5246077,Assessment Recommendations,46,2023-12-12,Run the classroom and program,"Montessori practice, observation, and assessment",,planning; startup; open,guide,False,,Recommendations and timelines for administering student and classroom assessments.,https://connected.wildflowerschools.org/posts/5246077-assessment-recommendations
post,5027746,Classroom Observation Guide Template (for observers),42,2023-04-07,Run the classroom and program,"Montessori practice, observation, and assessment",Montessori materials and vendors,startup; open,template,False,,Template for welcoming and orienting observers to a Wildflower classroom.,https://connected.wildflowerschools.org/posts/5027746-classroom-observation-guide-template-for-observers
post,4530988,Montessori Environments in action Videos,22,2022-02-22,Run the classroom and program,"Montessori practice, observation, and assessment",Family education and Montessori 101,discovery; visioning; startup; open,training,False,,Videos and presentations introduce Montessori practice and show real children working in prepared environments.,https://connected.wildflowerschools.org/posts/4530988-montessori-environments-in-action-videos
post,4519475,"Lessons Learned - Starting an Elementary Classroom, Teacher Leader Gathering, 2021",16,2022-02-22,Run the classroom and program,"Montessori practice, observation, and assessment","Adult learning, assistants training, and exits",startup; open,training,True,Recorded session from 2021 with dated gathering content.,Recording of experienced Teacher Leaders sharing lessons learned about starting and running an elementary Montessori classroom.,https://connected.wildflowerschools.org/posts/4519475-lessons-learned-starting-an-elementary-classroom-teacher-leader-gathering-2021
post,4567046,Montessori Lending Library,11,2022-01-03,Run the classroom and program,"Montessori practice, observation, and assessment",Family education and Montessori 101,discovery; visioning; planning; startup; open,other,False,,Proposal for an online library of Montessori works to support adult learning and practice.,https://connected.wildflowerschools.org/posts/4567046-montessori-lending-library
post,4529451,Wildflower Facilities Manual,290,2021-11-17,Find and set up your space,"Design, construction, and interior","Finding a space and pitching landlords; Leases, guaranties, and legal review",visioning; planning; startup; open,guide,False,,Comprehensive guide to designing and setting up a Wildflower school facility.,https://connected.wildflowerschools.org/posts/4529451-wildflower-facilities-manual
post,4420570,A virtual walk-through Wildflower Schools,189,2025-01-16,Find and set up your space,"Design, construction, and interior","Finding a space and pitching landlords; Montessori practice, observation, and assessment",visioning; planning; startup,example,False,,Virtual tours showing how Wildflower schools design and arrange their learning spaces.,https://connected.wildflowerschools.org/posts/4420570-a-virtual-walk-through-wildflower-schools
post,4482226,Unifying Interior Design Elements of Wildflower Schools,127,2021-10-04,Find and set up your space,"Design, construction, and interior","The principles and purpose; Montessori practice, observation, and assessment",visioning; planning; startup; open,guide,False,,Guide to Wildflower-specific interior design elements for creating and refining the school environment.,https://connected.wildflowerschools.org/posts/4482226-unifying-interior-design-elements-of-wildflower-schools
post,4482276,Owner's Rep Purpose & Accountabilities,120,2021-10-04,Find and set up your space,"Design, construction, and interior","Finding a space and pitching landlords; Safety, health, and compliance policies",planning; startup,guide,False,,"Explains the owner's representative role in planning, permitting, designing, and completing a school buildout.",https://connected.wildflowerschools.org/posts/4482276-owner-s-rep-purpose-accountabilities
post,4521789,Wildflower Interior Design: Expressing The Principles,105,2021-11-10,Find and set up your space,"Design, construction, and interior",The principles and purpose,visioning; planning; startup; open,guide,False,,"Guide to expressing Wildflower principles through interior design, materials, and sustainable school spaces.",https://connected.wildflowerschools.org/posts/4521789-wildflower-interior-design-expressing-the-principles
post,4584531,Facilities Construction/ Renovation: Owner/Architect/Contractor (OAC) Meeting Agenda Template,82,2022-02-22,Find and set up your space,"Design, construction, and interior","Leases, guaranties, and legal review",planning; startup,template,False,,"Agenda template for coordinating architect, owner, and contractor during school construction or renovation.",https://connected.wildflowerschools.org/posts/4584531-facilities-construction-renovation-owner-architect-contractor-oac-meeting-agend
post,4584413,Selecting an Architect Template,71,2022-03-09,Find and set up your space,"Design, construction, and interior",Finding a space and pitching landlords,planning; startup,template,False,,Questions and meeting template for selecting an architect and evaluating a potential school space.,https://connected.wildflowerschools.org/posts/4584413-selecting-an-architect-template
post,4646408,Wildflower Interior Design Process,66,2022-03-30,Find and set up your space,"Design, construction, and interior",Vendors and network discounts,planning; startup,guide,False,,Overview of the interior design process and suggested scope of work for Wildflower schools.,https://connected.wildflowerschools.org/posts/4646408-wildflower-interior-design-process
post,4583621,Examples in Design: Place & Spaces Visual Language (Mass. Hub),59,2022-01-19,Find and set up your space,"Design, construction, and interior",Finding a space and pitching landlords; How the School Startup Journey works,visioning; planning; startup,guide,True,Developed before the SSJ redesign and may contain outdated language and timelines.,Visual examples and case studies for designing community-embedded school spaces.,https://connected.wildflowerschools.org/posts/4583621-examples-in-design-place-spaces-visual-language-mass-hub
post,4519056,Wildflower Interior Design: Purpose,35,2021-11-09,Find and set up your space,"Design, construction, and interior",The principles and purpose,visioning; planning; startup; open,guide,False,,"Overview of Wildflower’s interior design purpose and principles for creating prepared, beautiful school environments.",https://connected.wildflowerschools.org/posts/4519056-wildflower-interior-design-purpose
post,4787163,Guide to Building Your Own Double-Stacked Tire Planter & Small Planter,28,2022-08-22,Find and set up your space,"Design, construction, and interior",Montessori materials and vendors,startup; open,guide,False,,Step-by-step blueprints for building tire and small planters at the school.,https://connected.wildflowerschools.org/posts/4787163-guide-to-building-your-own-double-stacked-tire-planter-small-planter
post,4620165,Considerations for Purchasing Real Estate & Total Cost of Ownership Example,87,2022-02-23,Find and set up your space,Purchasing real estate,Building and using your budget,planning; startup; open,guide,False,,"Guidance on purchasing school real estate, including a total cost of ownership example.",https://connected.wildflowerschools.org/posts/4620165-considerations-for-purchasing-real-estate-total-cost-of-ownership-example
post,4482322,Real Estate Attorney,152,2025-09-16,Find and set up your space,"Leases, guaranties, and legal review","Design, construction, and interior; Wildflower loans and grants",planning; startup,guide,False,,"Guidance on engaging a real estate attorney for LOI, lease, construction, and related facilities matters.",https://connected.wildflowerschools.org/posts/4482322-real-estate-attorney
post,5011940,Construction Attorneys: Our Partnership with Building For Good  ,112,2025-09-16,Find and set up your space,"Leases, guaranties, and legal review","Design, construction, and interior; Equity and conflict consultants",planning; startup,directory,False,,Explains how to request pro bono attorneys for construction contracts and occasional lease review.,https://connected.wildflowerschools.org/posts/5011940-construction-attorneys-our-partnership-with-building-for-good
post,4807564,School Lease Guaranty Overview,109,2022-09-14,Find and set up your space,"Leases, guaranties, and legal review",Wildflower loans and grants; Network Membership and charter affiliation agreements,planning; startup,guide,False,,Overview of lease guaranty requirements and the Foundation’s limited support for school leases.,https://connected.wildflowerschools.org/posts/4807564-school-lease-guaranty-overview
post,4915175,Template Letter to Request Legal Support with Lease Review,68,2023-01-10,Find and set up your space,"Leases, guaranties, and legal review",Finding a space and pitching landlords,planning; startup,template,False,,Template letter for requesting pro bono or low-bono legal support to review a potential school lease.,https://connected.wildflowerschools.org/posts/4915175-template-letter-to-request-legal-support-with-lease-review
post,4530840,Negotiation 101,24,2024-02-20,Find and set up your space,"Leases, guaranties, and legal review","Fundraising campaigns and donor communications; Fiscal policies, audits, and the 990",planning; startup; open,training,False,,"Training on negotiation skills useful for leases, fundraising, and financial agreements.",https://connected.wildflowerschools.org/posts/4530840-negotiation-101
post,4583329,Real Estate Pitch Deck Template,225,2022-03-09,Find and set up your space,Finding a space and pitching landlords,"Marketing 101, style guide, name, and logo",visioning; planning; startup,template,False,,Customizable pitch deck for presenting the school and facility needs to potential landlords.,https://connected.wildflowerschools.org/posts/4583329-real-estate-pitch-deck-template
post,4583411,Introduction to Assembling a Facilities Team,181,2022-12-09,Find and set up your space,Finding a space and pitching landlords,"Leases, guaranties, and legal review; Design, construction, and interior",planning; startup,guide,False,,"Overview of the roles needed to find, lease or acquire, renovate, and occupy a school facility.",https://connected.wildflowerschools.org/posts/4583411-introduction-to-assembling-a-facilities-team
post,4432252,"Living into the Shopfront Principle: Finding your 'just right' space, Recorded ETL Gathering",50,2022-02-22,Find and set up your space,Finding a space and pitching landlords,The principles and purpose; How the School Startup Journey works,discovery; visioning; planning,training,True,Recorded session from June 2021 with no indication that it reflects current guidance.,Recorded training on applying the Shopfront Principle to find a school space.,https://connected.wildflowerschools.org/posts/4432252-living-into-the-shopfront-principle-finding-your-just-right-space-recorded-etl-
post,5589224,Landlord Brochure Template,46,2025-04-08,Find and set up your space,Finding a space and pitching landlords,,planning; startup,template,False,,Template for creating a brochure to pitch a school to prospective landlords.,https://connected.wildflowerschools.org/posts/5589224-landlord-brochure-template
post,4638825,Facilities: Common Terminology and State by State Vendors ,39,2022-03-15,Find and set up your space,Finding a space and pitching landlords,Vendors and network discounts; Vocabulary and definitions,visioning; planning; startup,directory,False,,Glossary of real-estate terms and a facilities vendor list for evaluating and setting up a school space.,https://connected.wildflowerschools.org/posts/4638825-facilities-common-terminology-and-state-by-state-vendors
post,4595166,Minnesota Wildflower Montessori School (MWMS): Facilities Considerations,16,2022-02-22,Find and set up your space,Finding a space and pitching landlords,"Charter-specific compliance; Safety, health, and compliance policies",planning; startup,guide,False,,"Minnesota charter-school facility options and requirements, including leasing, occupancy certification, fire inspection, and accessibility.",https://connected.wildflowerschools.org/posts/4595166-minnesota-wildflower-montessori-school-mwms-facilities-considerations
post,5242543,School Signs/Signage,10,2023-12-08,Find and set up your space,Finding a space and pitching landlords,"Leases, guaranties, and legal review; Marketing 101, style guide, name, and logo",visioning; planning; startup,guide,False,,"Guidance on school signage, permits, lease requirements, and possible beautification funding.",https://connected.wildflowerschools.org/posts/5242543-school-signs-signage
post,4582229,Connected Live Learning Session Deck,62,2022-04-18,Set up systems and tools,Using Connected and Slack,Network membership and what the Foundation does,discovery; visioning; planning; startup; open,training,True,Orientation deck revised in April 2022 may be superseded by newer Connected guidance.,Orientation slide deck explaining how Connected is set up for Teacher Leaders and Partners.,https://connected.wildflowerschools.org/posts/4582229-connected-live-learning-session-deck
post,4582430,Connected Content Guidelines,55,2022-05-31,Set up systems and tools,Using Connected and Slack,Working for the Foundation and internal process,planning; startup; open,guide,False,,"Guidelines for creating, organizing, and sharing discoverable content in Connected.",https://connected.wildflowerschools.org/posts/4582430-connected-content-guidelines
post,4584611,Connected Live Learning Session Video Recording,39,2022-04-18,Set up systems and tools,Using Connected and Slack,Working for the Foundation and internal process,startup; open,training,False,,Recording of an introductory Connected onboarding session for partners and teacher leaders.,https://connected.wildflowerschools.org/posts/4584611-connected-live-learning-session-video-recording
post,5484606,Data Views in Airtable,39,2024-10-21,Set up systems and tools,Using Connected and Slack,Network data and reports,discovery; visioning; planning; startup; open,guide,False,,Guide to Airtable views for finding educators and schools across the Wildflower network.,https://connected.wildflowerschools.org/posts/5484606-data-views-in-airtable
post,4618033,Using Slack for Teacher Leaders,27,2022-02-22,Set up systems and tools,Using Connected and Slack,,visioning; planning; startup; open,guide,False,,Introductory guide to using Wildflower’s Slack workspace for communication and collaboration.,https://connected.wildflowerschools.org/posts/4618033-using-slack-for-teacher-leaders
post,5280744,For Operations Guides: Getting started with the My Wildflower Platform,10,2024-01-08,Set up systems and tools,Using Connected and Slack,How the School Startup Journey works; Working for the Foundation and internal process,discovery; visioning; planning; startup,guide,False,,"Guide to logging into the My Wildflower platform, managing startup-team access, and viewing the Ops Guide Dashboard.",https://connected.wildflowerschools.org/posts/5280744-for-operations-guides-getting-started-with-the-my-wildflower-platform
post,4401611,How to Edit Your Profile,8,2021-08-17,Set up systems and tools,Using Connected and Slack,,discovery; visioning; planning; startup; open,guide,False,,Instructions for editing a user profile in Connected so colleagues can find and connect with you.,https://connected.wildflowerschools.org/posts/4401611-how-to-edit-your-profile
post,4401620,How to Configure Your Personal Notification Settings,8,2021-08-17,Set up systems and tools,Using Connected and Slack,,planning; startup; open,guide,False,,Instructions for configuring personal notification preferences in Connected.,https://connected.wildflowerschools.org/posts/4401620-how-to-configure-your-personal-notification-settings
post,4695791,Shared Inboxes: Using Google Groups instead of shared email accounts,400,2022-05-23,Set up systems and tools,"Google Workspace, email, drives, and devices","Family communications (accepted, waitlist, re-enrollment); Website, social media, and online ads",planning; startup; open,guide,False,,Guide to using Google Groups as a collaborative shared inbox for school inquiries.,https://connected.wildflowerschools.org/posts/4695791-shared-inboxes-using-google-groups-instead-of-shared-email-accounts
post,5045863,School Email Request Form,319,2023-04-24,Set up systems and tools,"Google Workspace, email, drives, and devices",Request forms and Foundation support,startup; open,template,False,,Form for requesting a school or site email account for a teacher leader or team member.,https://connected.wildflowerschools.org/posts/5045863-school-email-request-form
post,5297082,Template Form: Parental Consent for Google Workspace Account Creation & Template Policy,269,2025-07-07,Set up systems and tools,"Google Workspace, email, drives, and devices",Enrollment agreements and forms; Family handbooks,startup; open,template,False,,Parental consent form and acceptable-use policy for creating student Google Workspace accounts.,https://connected.wildflowerschools.org/posts/5297082-template-form-parental-consent-for-google-workspace-account-creation-template-p
post,5147559,Change Chrome Languages & Translate Webpages,123,2023-09-05,Set up systems and tools,"Google Workspace, email, drives, and devices",,startup; open,guide,False,,Instructions for changing Chrome languages and translating webpages.,https://connected.wildflowerschools.org/posts/5147559-change-chrome-languages-translate-webpages
post,4816682,Two-Factor Authentication with Google Authenticator,49,2022-09-26,Set up systems and tools,"Google Workspace, email, drives, and devices",,planning; startup; open,guide,False,,Instructions for setting up shareable two-factor authentication with Google Authenticator.,https://connected.wildflowerschools.org/posts/4816682-two-factor-authentication-with-google-authenticator
post,5953920,Google Chromebooks and the Wildflower GSuite,42,2026-03-11,Set up systems and tools,"Google Workspace, email, drives, and devices","Safety, health, and compliance policies",startup; open,guide,False,,"Guide to purchasing, enrolling, and safely managing Chromebooks for student assessments and remote learning.",https://connected.wildflowerschools.org/posts/5953920-google-chromebooks-and-the-wildflower-gsuite
post,4675102,Google Shared Drives,37,2022-04-27,Set up systems and tools,"Google Workspace, email, drives, and devices",,planning; startup; open,guide,False,,Guide to organizing persistent school documents in Google Shared Drives.,https://connected.wildflowerschools.org/posts/4675102-google-shared-drives
post,5907983,Business Phone Options ,34,2025-12-15,Set up systems and tools,"Google Workspace, email, drives, and devices",Vendors and network discounts,planning; startup; open,guide,False,,Compares alternative business phone systems when Google Voice is unavailable in the shared Workspace.,https://connected.wildflowerschools.org/posts/5907983-business-phone-options
post,4537987,Managing Multiple Google Acccounts,33,2021-11-29,Set up systems and tools,"Google Workspace, email, drives, and devices",Transparent Classroom,startup; open,guide,False,,"Instructions for managing personal and school Google accounts, including access to Transparent Classroom.",https://connected.wildflowerschools.org/posts/4537987-managing-multiple-google-acccounts
post,4721490,Network-wide Email Lists for Teacher Leaders,33,2022-10-05,Set up systems and tools,"Google Workspace, email, drives, and devices",Using Connected and Slack,discovery; visioning; planning; startup; open,guide,False,,Overview of Google Groups email lists for teacher leaders and school staff.,https://connected.wildflowerschools.org/posts/4721490-network-wide-email-lists-for-teacher-leaders
post,4645647,Google Drive Permission Setting ,25,2022-03-23,Set up systems and tools,"Google Workspace, email, drives, and devices",Request forms and Foundation support; Using Connected and Slack,planning; startup; open,guide,False,,Explains Google Drive sharing permissions for collaborating on school and School Startup Journey files.,https://connected.wildflowerschools.org/posts/4645647-google-drive-permission-setting
post,5045835,Systems Removal Request Form,108,2023-04-24,Set up systems and tools,Request forms and Foundation support,Using Connected and Slack,startup; open,template,False,,Form for requesting removal or closeout of Wildflower systems access for a teacher leader or staff member.,https://connected.wildflowerschools.org/posts/5045835-systems-removal-request-form
post,4596387,Wildflower Support/Support@ Overview,33,2022-05-03,Set up systems and tools,Request forms and Foundation support,Working for the Foundation and internal process; Using Connected and Slack,startup; open,guide,False,,"Explains how Teacher-Leaders use Wildflower Support for operational questions, access issues, and requests for help.",https://connected.wildflowerschools.org/posts/4596387-wildflower-support-support-overview
post,5045822,Transparent Classroom Account Request Form,121,2023-04-24,Set up systems and tools,Transparent Classroom,Request forms and Foundation support; Network membership and what the Foundation does,startup; open,template,False,,Request form for accessing Transparent Classroom through Wildflower after signing a Network Membership Agreement.,https://connected.wildflowerschools.org/posts/5045822-transparent-classroom-account-request-form
post,4395983,Enrollment System Setup in Transparent Classroom,82,2022-02-22,Set up systems and tools,Transparent Classroom,Enrollment agreements and forms; Licensing by state,planning; startup; open,guide,False,,Instructions for setting up Transparent Classroom to collect and store enrollment and licensing forms.,https://connected.wildflowerschools.org/posts/4395983-enrollment-system-setup-in-transparent-classroom
post,4550750,Creating a newsletter in Transparent Classroom,13,2021-12-10,Set up systems and tools,Transparent Classroom,"Family communications (accepted, waitlist, re-enrollment)",startup; open,guide,False,,Instructions for creating and publishing a family newsletter in Transparent Classroom.,https://connected.wildflowerschools.org/posts/4550750-creating-a-newsletter-in-transparent-classroom
post,4561701,Assigning Forms To Parents in Transparent Classroom,9,2021-12-23,Set up systems and tools,Transparent Classroom,Enrollment agreements and forms,startup; open,guide,False,,Instructions for assigning enrollment or other forms to parents in Transparent Classroom.,https://connected.wildflowerschools.org/posts/4561701-assigning-forms-to-parents-in-transparent-classroom
post,4550730,Changing notifications that go out to families after they submit an application in Transparent Classroom,8,2021-12-15,Set up systems and tools,Transparent Classroom,"Family communications (accepted, waitlist, re-enrollment)",startup; open,guide,False,,Instructions for editing Transparent Classroom email and pop-up notifications sent after families submit applications.,https://connected.wildflowerschools.org/posts/4550730-changing-notifications-that-go-out-to-families-after-they-submit-an-application
post,4550749,Sharing forms in Transparent Classroom from your school within the network,8,2021-12-10,Set up systems and tools,Transparent Classroom,,startup; open,guide,False,,Steps for sharing a Transparent Classroom form across the network.,https://connected.wildflowerschools.org/posts/4550749-sharing-forms-in-transparent-classroom-from-your-school-within-the-network
post,4550740,Changing your logo in Transparent Classroom,8,2021-12-10,Set up systems and tools,Transparent Classroom,,startup; open,guide,False,,Instructions for updating a school's logo in Transparent Classroom.,https://connected.wildflowerschools.org/posts/4550740-changing-your-logo-in-transparent-classroom
post,4550759,How to exit a child/family in Transparent Classroom,6,2021-12-10,Set up systems and tools,Transparent Classroom,,open,guide,False,,Instructions for recording a child or family’s exit in Transparent Classroom.,https://connected.wildflowerschools.org/posts/4550759-how-to-exit-a-child-family-in-transparent-classroom
post,4550747,Using a form in Transparent Classroom from another school in the network,5,2021-12-10,Set up systems and tools,Transparent Classroom,,startup; open,guide,False,,Instructions for embedding and using another school’s Transparent Classroom form.,https://connected.wildflowerschools.org/posts/4550747-using-a-form-in-transparent-classroom-from-another-school-in-the-network
post,4550738,"Changing or adding a ""Session"" in Transparent Classroom ",4,2021-12-15,Set up systems and tools,Transparent Classroom,,startup; open,guide,False,,Instructions for adding or changing a session in Transparent Classroom.,https://connected.wildflowerschools.org/posts/4550738-changing-or-adding-a-session-in-transparent-classroom
post,4550757,How to manage your wait list in Transparent Classroom,4,2021-12-10,Set up systems and tools,Transparent Classroom,"Family communications (accepted, waitlist, re-enrollment)",startup; open,guide,False,,Instructions for managing and prioritizing the admissions waitlist in Transparent Classroom.,https://connected.wildflowerschools.org/posts/4550757-how-to-manage-your-wait-list-in-transparent-classroom
post,4560221,Transparent Classroom accounts for parents without email,4,2022-02-22,Set up systems and tools,Transparent Classroom,"Family communications (accepted, waitlist, re-enrollment)",startup; open,guide,False,,Instructions for creating Transparent Classroom parent accounts without email.,https://connected.wildflowerschools.org/posts/4560221-transparent-classroom-accounts-for-parents-without-email
post,4550754,How to change your schedule/programs in Transparent Classroom,3,2021-12-10,Set up systems and tools,Transparent Classroom,Enrollment agreements and forms,startup; open,guide,False,,Instructions for updating program and schedule options in Transparent Classroom application forms.,https://connected.wildflowerschools.org/posts/4550754-how-to-change-your-schedule-programs-in-transparent-classroom
post,4420452,Assisting at Wildflower Part 1,149,2021-11-08,"Hire, pay, and support your team","Adult learning, assistants training, and exits","Montessori practice, observation, and assessment; Self-management learning series",startup; open,training,True,Workshop recording and slides were originally offered in August 2021 and may not reflect current guidance.,"Training for classroom assistants covering Montessori practice, positive discipline, self-management, and equity.",https://connected.wildflowerschools.org/posts/4420452-assisting-at-wildflower-part-1
post,4644107,Interview: Team Coaching to Support Teacher Leader Transition,110,2022-03-22,"Hire, pay, and support your team","Adult learning, assistants training, and exits",Staffing plans and finding a co-teacher leader; Coaches directory,open,training,False,,Interview about coaching a team through a sensitive Teacher Leader transition.,https://connected.wildflowerschools.org/posts/4644107-interview-team-coaching-to-support-teacher-leader-transition
post,5403588,Exit survey/interview guide for staff members at a school,60,2024-04-30,"Hire, pay, and support your team","Adult learning, assistants training, and exits",Employee handbooks and HR policies; Radical transparency and wholeness,open,template,False,,Template for conducting staff exit interviews and learning from turnover.,https://connected.wildflowerschools.org/posts/5403588-exit-survey-interview-guide-for-staff-members-at-a-school
post,4519529,Assisting at Wildflower Training Part 2,42,2022-02-22,"Hire, pay, and support your team","Adult learning, assistants training, and exits","Montessori practice, observation, and assessment; Self-management learning series",startup; open,training,False,,"Training for classroom assistants covering Montessori practice, positive discipline, self-management, and liberation.",https://connected.wildflowerschools.org/posts/4519529-assisting-at-wildflower-training-part-2
post,4559035,Designing Learning Experience for Adult Learners,15,2021-12-21,"Hire, pay, and support your team","Adult learning, assistants training, and exits","Liberation, equity, and anti-bias work",planning; startup; open,guide,False,,Guidance for designing professional development and adult learning experiences for school teams.,https://connected.wildflowerschools.org/posts/4559035-designing-learning-experience-for-adult-learners
post,4566768,"San Lorenzo Pod Professional Development Example, January 2022",8,2022-02-22,"Hire, pay, and support your team","Adult learning, assistants training, and exits","Montessori practice, observation, and assessment; Montessori at home and distance learning",open,example,True,This is a dated January 2022 professional development schedule and session example.,Example schedule for organizing teacher-leader professional development across schools.,https://connected.wildflowerschools.org/posts/4566768-san-lorenzo-pod-professional-development-example-january-2022
post,4521005,Entrenamiento para Asistentes de Wildflower Sesión uno,6,2022-01-27,"Hire, pay, and support your team","Adult learning, assistants training, and exits",Staffing plans and finding a co-teacher leader,startup; open,training,True,Spanish assistant training session from October 2021 is a dated past training recording.,Spanish-language training session for Wildflower classroom assistants.,https://connected.wildflowerschools.org/posts/4521005-entrenamiento-para-asistentes-de-wildflower-sesion-uno
post,4520984,Entrenamiento para Asistentes de Wildflower Sesión dos,2,2021-11-09,"Hire, pay, and support your team","Adult learning, assistants training, and exits",Staffing plans and finding a co-teacher leader,startup; open,training,True,Recorded training session from October 2021.,Spanish-language training session for Wildflower assistants.,https://connected.wildflowerschools.org/posts/4520984-entrenamiento-para-asistentes-de-wildflower-sesion-dos
post,4537953,Employee Handbook Annotated Template,270,2022-03-17,"Hire, pay, and support your team",Employee handbooks and HR policies,"Hiring: postings, offers, contracts, visas, onboarding",planning; startup; open,template,False,,Annotated employee handbook template for adapting HR policies to a school's needs and local laws.,https://connected.wildflowerschools.org/posts/4537953-employee-handbook-annotated-template
post,4538065,Employee Handbook Examples,136,2022-01-10,"Hire, pay, and support your team",Employee handbooks and HR policies,"Hiring: postings, offers, contracts, visas, onboarding",planning; startup; open,example,False,,Examples of employee handbooks and school HR policies.,https://connected.wildflowerschools.org/posts/4538065-employee-handbook-examples
post,4607263,Make & Take: Operations Handbook,129,2022-02-09,"Hire, pay, and support your team",Employee handbooks and HR policies,"Bylaws, EIN, bank account, insurance; Safety, health, and compliance policies",planning; startup; open,template,False,,"Operations handbook template for organizing school documents, procedures, and onboarding information.",https://connected.wildflowerschools.org/posts/4607263-make-take-operations-handbook
post,4514452,Introduction to Human Resources,102,2022-01-10,"Hire, pay, and support your team",Employee handbooks and HR policies,"Liberation, equity, and anti-bias work",planning; startup; open,training,False,,Introduction to HR policies and practices that shape employee experience and working conditions.,https://connected.wildflowerschools.org/posts/4514452-introduction-to-human-resources
post,4538072,Manual práctico predeterminado para las escuelas Wildflower,8,2021-11-30,"Hire, pay, and support your team",Employee handbooks and HR policies,"Hiring: postings, offers, contracts, visas, onboarding",planning; startup; open,template,False,,Manual del empleado en español para adaptar a las políticas y leyes de cada escuela.,https://connected.wildflowerschools.org/posts/4538072-manual-practico-predeterminado-para-las-escuelas-wildflower
post,4537668,Hiring: Employment Offer Letters & Contracts,202,2022-02-22,"Hire, pay, and support your team","Hiring: postings, offers, contracts, visas, onboarding","Compensation, payroll, and benefits",startup; open,template,False,,Offer letter and employment contract templates for teacher leaders and substitute staff.,https://connected.wildflowerschools.org/posts/4537668-hiring-employment-offer-letters-contracts
post,4537658,Hiring: School Job Posting Templates,194,2024-08-20,"Hire, pay, and support your team","Hiring: postings, offers, contracts, visas, onboarding",Charter-specific compliance,planning; startup,template,False,,Job posting templates and charter-specific job descriptions for school hiring.,https://connected.wildflowerschools.org/posts/4537658-hiring-school-job-posting-templates
post,4450923,Onboarding New Teacher Leaders (Checklist & Template),116,2021-09-15,"Hire, pay, and support your team","Hiring: postings, offers, contracts, visas, onboarding","Adult learning, assistants training, and exits; Roles and responsibilities",startup; open,template,False,,"Onboarding checklists and guides for welcoming new Teacher Leaders, including hiring preparation, systems, learning, and role expectations.",https://connected.wildflowerschools.org/posts/4450923-onboarding-new-teacher-leaders-checklist-template
post,4537907,How to Tell Your Current School You are Leaving & Implications for Family Recruitment/Enrollment,93,2022-01-10,"Hire, pay, and support your team","Hiring: postings, offers, contracts, visas, onboarding","Enrollment playbooks and recruitment plans; Family communications (accepted, waitlist, re-enrollment)",visioning; planning; startup,guide,False,,Guidance for leaving a current school professionally while planning recruitment and enrollment for a new Wildflower school.,https://connected.wildflowerschools.org/posts/4537907-how-to-tell-your-current-school-you-are-leaving-implications-for-family-recruit
post,4537678,Types of Work Visas,56,2022-02-22,"Hire, pay, and support your team","Hiring: postings, offers, contracts, visas, onboarding","Compensation, payroll, and benefits",planning; startup; open,guide,False,,Guide to common work visas and immigration considerations when hiring school staff.,https://connected.wildflowerschools.org/posts/4537678-types-of-work-visas
post,5414555,Job Posting Websites,48,2024-05-29,"Hire, pay, and support your team","Hiring: postings, offers, contracts, visas, onboarding",Staffing plans and finding a co-teacher leader,planning; startup; open,directory,False,,Directory of job-posting websites for recruiting school staff.,https://connected.wildflowerschools.org/posts/5414555-job-posting-websites
post,4507085,H-1B Employee Visa Sponsorship at Wildflower,12,2022-02-22,"Hire, pay, and support your team","Hiring: postings, offers, contracts, visas, onboarding",Staffing plans and finding a co-teacher leader,planning; startup; open,guide,False,,Explains Wildflower’s visa sponsorship policy and alternatives for international teacher leader candidates.,https://connected.wildflowerschools.org/posts/4507085-h-1b-employee-visa-sponsorship-at-wildflower
post,4537681,H-1B Work Visa Sponsorship,9,2022-02-22,"Hire, pay, and support your team","Hiring: postings, offers, contracts, visas, onboarding",Staffing plans and finding a co-teacher leader,planning; startup; open,guide,False,,Explains H-1B sponsorship requirements and the Foundation’s process for hiring visa-dependent staff.,https://connected.wildflowerschools.org/posts/4537681-h-1b-work-visa-sponsorship
post,4541353,Teacher Leader Salary / Compensation Setting Guidance and Examples,405,2024-11-25,"Hire, pay, and support your team","Compensation, payroll, and benefits",Building and using your budget; Radical transparency and wholeness,planning; startup; open,guide,False,,"Guidance and examples for setting teacher leader salaries, benefits, and compensation changes.",https://connected.wildflowerschools.org/posts/4541353-teacher-leader-salary-compensation-setting-guidance-and-examples
post,4537694,Gusto Payroll Setup,154,2024-08-20,"Hire, pay, and support your team","Compensation, payroll, and benefits",Vendors and network discounts,planning; startup; open,guide,False,,"Guide to setting up Gusto payroll, accessing the Wildflower discount, and purchasing related employer benefits.",https://connected.wildflowerschools.org/posts/4537694-gusto-payroll-setup
post,4734472,Benefits Intro: Healthcare,138,2022-06-22,"Hire, pay, and support your team","Compensation, payroll, and benefits",Employee handbooks and HR policies,planning; startup; open,training,False,,Introductory training on healthcare plan options as an employee benefit.,https://connected.wildflowerschools.org/posts/4734472-benefits-intro-healthcare
post,5020257,"Employee Healthcare: Health Insurance Options - Small Group Plans vs.  HRA's. What's the difference between SGHI, QSEHRA, or ICHRA? ",138,2023-09-25,"Hire, pay, and support your team","Compensation, payroll, and benefits",Employee handbooks and HR policies,planning; startup; open,guide,False,,"Explains employee health insurance and HRA options, including employer reimbursement and enrollment.",https://connected.wildflowerschools.org/posts/5020257-employee-healthcare-health-insurance-options-small-group-plans-vs-hra-s-what-s-
post,4537707,Employee Healthcare: Group Plans,136,2023-09-25,"Hire, pay, and support your team","Compensation, payroll, and benefits","Vendors and network discounts; Fiscal policies, audits, and the 990",planning; startup; open,guide,False,,"Guidance on setting up group health insurance, eligibility, employer contributions, and payroll tax benefits.",https://connected.wildflowerschools.org/posts/4537707-employee-healthcare-group-plans
post,4462304,Introduction to Wildflower Salaries & Benefits,119,2022-02-22,"Hire, pay, and support your team","Compensation, payroll, and benefits",Building and using your budget; What it costs to start and open,discovery; visioning; planning; startup; open,guide,False,,FAQ explaining how teacher leaders set salaries and benefits within the school budget.,https://connected.wildflowerschools.org/posts/4462304-introduction-to-wildflower-salaries-benefits
post,5020223,How to Sign up with Take Command Health for HRA Options,117,2023-09-25,"Hire, pay, and support your team","Compensation, payroll, and benefits","Vendors and network discounts; Fiscal policies, audits, and the 990",planning; startup; open,link,False,,Instructions for using a network partner to set up employee Health Reimbursement Arrangement benefits.,https://connected.wildflowerschools.org/posts/5020223-how-to-sign-up-with-take-command-health-for-hra-options
post,4541782,AMS 2019 Compensation & Benefits Survey Report,91,2021-12-02,"Hire, pay, and support your team","Compensation, payroll, and benefits",Network data and reports,planning; startup; open,data,True,A 2019 compensation and benefits survey report is a dated historical snapshot.,Historical benchmarking data on compensation and benefits for school staff.,https://connected.wildflowerschools.org/posts/4541782-ams-2019-compensation-benefits-survey-report
post,4541922,Teacher Leader Salary Adjustment: Board Packet,80,2022-02-22,"Hire, pay, and support your team","Compensation, payroll, and benefits","Meetings: agendas, minutes, notice, first four meetings",planning; startup; open,template,False,,Board packet template for discussing and approving a teacher leader salary adjustment.,https://connected.wildflowerschools.org/posts/4541922-teacher-leader-salary-adjustment-board-packet
post,4734416,Benefits Intro: Retirement,77,2022-06-22,"Hire, pay, and support your team","Compensation, payroll, and benefits",,planning; startup; open,training,False,,Introductory training on retirement plan options and benefits for small-school employees.,https://connected.wildflowerschools.org/posts/4734416-benefits-intro-retirement
post,4537709,Guideline 401k Setup,61,2021-11-29,"Hire, pay, and support your team","Compensation, payroll, and benefits","Fiscal policies, audits, and the 990",planning; startup; open,guide,False,,"Guidance on setting up Guideline 401(k) benefits, costs, and plan design.",https://connected.wildflowerschools.org/posts/4537709-guideline-401k-setup
post,4537715,HR Support,43,2022-01-10,"Hire, pay, and support your team","Compensation, payroll, and benefits",Employee handbooks and HR policies; Vendors and network discounts,planning; startup; open,guide,False,,"Explains where to get payroll, employment compliance, and HR support.",https://connected.wildflowerschools.org/posts/4537715-hr-support
post,4541847,POD Compensation Survey Example,41,2021-12-02,"Hire, pay, and support your team","Compensation, payroll, and benefits","Adult learning, assistants training, and exits",planning; startup; open,example,False,,Example compensation survey for setting pay and benefits.,https://connected.wildflowerschools.org/posts/4541847-pod-compensation-survey-example
post,4541873,Salary Benchmark Information Gathering Template,38,2022-02-22,"Hire, pay, and support your team","Compensation, payroll, and benefits","Hiring: postings, offers, contracts, visas, onboarding",planning; startup; open,template,False,,Template for gathering salary data to inform compensation decisions.,https://connected.wildflowerschools.org/posts/4541873-salary-benchmark-information-gathering-template
post,4545851,Wage Advancement Agreement,24,2022-01-10,"Hire, pay, and support your team","Compensation, payroll, and benefits","Board policies (conflict of interest, nepotism, whistleblower, retention); Fiscal policies, audits, and the 990",planning; startup; open,template,False,,Sample agreement for documenting school-issued payroll advances to employees.,https://connected.wildflowerschools.org/posts/4545851-wage-advancement-agreement
post,4541956,Staffing Plan: Considerations and Examples,225,2024-08-20,"Hire, pay, and support your team",Staffing plans and finding a co-teacher leader,"Adult learning, assistants training, and exits; Charter-specific compliance",visioning; planning; startup; open,guide,False,,"Guidance and examples for planning staffing models as a school grows, including charter-wide role support.",https://connected.wildflowerschools.org/posts/4541956-staffing-plan-considerations-and-examples
post,4578578,Finding a Co-Teacher Leader,155,2022-02-22,"Hire, pay, and support your team",Staffing plans and finding a co-teacher leader,"Hiring: postings, offers, contracts, visas, onboarding",visioning; planning; startup; open,training,False,,Training deck with a sample process for finding and talking with a prospective co-teacher leader.,https://connected.wildflowerschools.org/posts/4578578-finding-a-co-teacher-leader
post,4636834,22-23 Staffing Schedule,135,2022-03-11,"Hire, pay, and support your team",Staffing plans and finding a co-teacher leader,"School calendar and schedules; Past gatherings, session notes, and dated reports",planning; startup; open,template,True,This is a dated 2022–23 staffing schedule workshop and template.,Template and workshop materials for building a school staffing schedule.,https://connected.wildflowerschools.org/posts/4636834-22-23-staffing-schedule
post,4541964,Staffing Plan Examples in Detail,133,2022-02-22,"Hire, pay, and support your team",Staffing plans and finding a co-teacher leader,"Adult learning, assistants training, and exits",visioning; planning; startup,example,False,,"Examples of creative, sustainable staffing models for planning a school team.",https://connected.wildflowerschools.org/posts/4541964-staffing-plan-examples-in-detail
post,4609033,Wildflower Network Membership in Action,333,2024-12-13,Understand Wildflower,Network membership and what the Foundation does,Network Membership and charter affiliation agreements,discovery; visioning; planning; startup; open,guide,False,,Explains how schools and the Foundation practice their Network Membership Agreement commitments.,https://connected.wildflowerschools.org/posts/4609033-wildflower-network-membership-in-action
post,4608996,Module 1: What is the Network Membership Agreement?,236,2024-02-06,Understand Wildflower,Network membership and what the Foundation does,Network Membership and charter affiliation agreements,discovery; visioning; planning; startup; open,training,False,,Training explaining the purpose and structure of the Network Membership Agreement between schools and the Foundation.,https://connected.wildflowerschools.org/posts/4608996-module-1-what-is-the-network-membership-agreement
post,5044523,Wildflower Network Membership Partnerships: Platforms & Discounts ,57,2023-06-18,Understand Wildflower,Network membership and what the Foundation does,Vendors and network discounts; Network Membership and charter affiliation agreements,discovery; visioning; planning; startup; open,directory,False,,"Overview of Wildflower membership benefits, partner organizations, and member discounts.",https://connected.wildflowerschools.org/posts/5044523-wildflower-network-membership-partnerships-platforms-discounts
post,5793293,Network Policy: Membership Fee,55,2025-08-05,Understand Wildflower,Network membership and what the Foundation does,Network Membership and charter affiliation agreements,planning; startup; open,policy,False,,Policy and FAQs explaining the Wildflower school membership fee.,https://connected.wildflowerschools.org/posts/5793293-network-policy-membership-fee
post,4754188,Guía para Guías líderes sobre las Contribuciones Escolares,42,2022-07-16,Understand Wildflower,Network membership and what the Foundation does,Network Membership and charter affiliation agreements,open,guide,False,,Guía en español para guías líderes sobre las contribuciones escolares a los costos compartidos de la red.,https://connected.wildflowerschools.org/posts/4754188-guia-para-guias-lideres-sobre-las-contribuciones-escolares
post,4831822,School Contributions (Spanish),39,2022-10-13,Understand Wildflower,Network membership and what the Foundation does,"Fiscal policies, audits, and the 990",planning; startup; open,guide,False,,Spanish guide explaining Wildflower school contributions toward shared network costs.,https://connected.wildflowerschools.org/posts/4831822-school-contributions-spanish
post,5240507,Pod Info & Schedules,17,2023-12-06,Understand Wildflower,Network membership and what the Foundation does,Regional fundraising and growth,discovery; visioning; planning; startup; open,directory,True,Pod membership and meeting schedules are specific to the 2023–2024 school year and may no longer be current.,"Directory of Wildflower Pods, member schools, meeting times, and Pod contacts.",https://connected.wildflowerschools.org/posts/5240507-pod-info-schedules
post,4415963,Montessori for Adults by Sep Kamvar,702,2022-02-22,Understand Wildflower,The principles and purpose,"Self-management learning series; Liberation, equity, and anti-bias work",discovery; visioning; planning; startup; open,guide,False,,"Explores the principles behind applying Montessori’s vision to adults, teacher-leaders, parents, and school communities.",https://connected.wildflowerschools.org/posts/4415963-montessori-for-adults-by-sep-kamvar
post,4652194,The Wildflower Collection,625,2022-03-30,Understand Wildflower,The principles and purpose,Network membership and what the Foundation does,discovery; visioning; planning; startup; open,guide,False,,"Explains Wildflower’s purpose, values, principles, and organic-system model.",https://connected.wildflowerschools.org/posts/4652194-the-wildflower-collection
post,4409930,The Nine Principles,267,2021-08-05,Understand Wildflower,The principles and purpose,,discovery; visioning; planning; startup; open,guide,False,,Overview of the Nine Principles that guide Wildflower schools and teacher-leaders.,https://connected.wildflowerschools.org/posts/4409930-the-nine-principles
post,4415949,Wildflower Opening Speech by Sep Kamvar,264,2022-02-22,Understand Wildflower,The principles and purpose,"Past gatherings, session notes, and dated reports",discovery; visioning; open,other,True,A speech delivered at the first Wildflower school's opening in January 2014; retained as a historical artifact.,Foundational speech explaining Wildflower’s vision and purpose at the first school’s opening.,https://connected.wildflowerschools.org/posts/4415949-wildflower-opening-speech-by-sep-kamvar
post,4599470,Authentic Montessori and Contemporary Considerations by Koren Clark,196,2022-02-22,Understand Wildflower,The principles and purpose,"Montessori practice, observation, and assessment; Liberation, equity, and anti-bias work",discovery; visioning; open,training,False,,"Explores authentic Montessori practice alongside diversity, inclusion, assessment, and technology considerations.",https://connected.wildflowerschools.org/posts/4599470-authentic-montessori-and-contemporary-considerations-by-koren-clark
post,4409924,Wildflower's Community Norms,184,2021-08-05,Understand Wildflower,The principles and purpose,"Liberation, equity, and anti-bias work; Radical transparency and wholeness",discovery; visioning; planning; startup; open,guide,False,,"Defines Wildflower’s community norms, including anti-bias, autonomy, awareness, and compassion.",https://connected.wildflowerschools.org/posts/4409924-wildflower-s-community-norms
post,4409908,Wildflower's Shared Values,164,2021-08-05,Understand Wildflower,The principles and purpose,"Radical transparency and wholeness; Liberation, equity, and anti-bias work",discovery; visioning; planning; startup; open,guide,False,,"Defines Wildflower’s shared values of connectedness, growth, and inner development.",https://connected.wildflowerschools.org/posts/4409908-wildflower-s-shared-values
post,4458709,Expressing Wildflower's Principles by Matt Kramer,119,2022-02-22,Understand Wildflower,The principles and purpose,,discovery; visioning; planning; startup; open,guide,False,,Explains how to interpret and live Wildflower’s principles beyond minimum compliance.,https://connected.wildflowerschools.org/posts/4458709-expressing-wildflower-s-principles-by-matt-kramer
post,4415959,"Wildflower: An Open, Peer-to-Peer, Shopfront School
Model based on Montessori Philosophy, by Sep Kamvar",113,2021-08-11,Understand Wildflower,The principles and purpose,How the School Startup Journey works,discovery; visioning,guide,False,,"White paper explaining Wildflower’s Montessori-inspired model, purpose, and peer-to-peer school network.",https://connected.wildflowerschools.org/posts/4415959-wildflower-an-open-peer-to-peer-shopfront-school-model-based-on-montessori-phil
post,4567067,Books that Contributed to the Ideas behind Wildflower around the time of Founding,109,2022-01-03,Understand Wildflower,The principles and purpose,"Self-management learning series; Montessori practice, observation, and assessment",discovery; visioning; open,guide,False,,Reading list explaining the Montessori and organizational ideas behind Wildflower’s founding principles.,https://connected.wildflowerschools.org/posts/4567067-books-that-contributed-to-the-ideas-behind-wildflower-around-the-time-of-foundi
post,4415955,Wildflower Founding Vision and Strategy by Sep Kamvar,100,2022-02-22,Understand Wildflower,The principles and purpose,,discovery; visioning; planning; startup; open,guide,False,,"Foundational statement of Wildflower’s vision, goals, and Montessori-centered purpose.",https://connected.wildflowerschools.org/posts/4415955-wildflower-founding-vision-and-strategy-by-sep-kamvar
post,4411199,Our Approach to Listening for Evolutionary Purpose,96,2021-08-06,Understand Wildflower,The principles and purpose,Radical transparency and wholeness; Self-management learning series,discovery; visioning; planning; startup; open,guide,False,,Explains Wildflower’s evolutionary purpose and how the community collectively senses and adapts its principles.,https://connected.wildflowerschools.org/posts/4411199-our-approach-to-listening-for-evolutionary-purpose
post,4529540,Essay: A Decentralized Network by Erin McKay ,93,2022-03-09,Understand Wildflower,The principles and purpose,Network membership and what the Foundation does; Licensing by state,discovery; visioning; planning; startup; open,guide,False,,"Essay explaining decentralized school leadership, Foundation support, and peer pod collaboration.",https://connected.wildflowerschools.org/posts/4529540-essay-a-decentralized-network-by-erin-mckay
post,4415956,What Makes a Wildflower School? A Letter to the Wildflower Community from Sep Kamvar,88,2021-08-11,Understand Wildflower,The principles and purpose,Network membership and what the Foundation does,discovery; visioning; planning; startup; open,guide,False,,"Explains the foundational principles, structures, and practices that define a Wildflower school.",https://connected.wildflowerschools.org/posts/4415956-what-makes-a-wildflower-school-a-letter-to-the-wildflower-community-from-sep-ka
post,4409903,Wildflower's Purpose,82,2021-08-05,Understand Wildflower,The principles and purpose,"Liberation, equity, and anti-bias work",discovery; visioning; planning; startup; open,other,False,,Explains Wildflower’s purpose and commitment to liberation.,https://connected.wildflowerschools.org/posts/4409903-wildflower-s-purpose
post,4530756,"Essay: Home by Mary Rockett, Katelyn Shore, Erin McKay",77,2022-02-22,Understand Wildflower,The principles and purpose,Montessori at home and distance learning; Family education and Montessori 101,discovery; visioning; planning; startup; open,guide,False,,Essay explaining the Seamless Learning Community principle and partnership between home and school.,https://connected.wildflowerschools.org/posts/4530756-essay-home-by-mary-rockett-katelyn-shore-erin-mckay
post,4530746,Essay: Teacher Led by Erin McKay and Mary Rockett,61,2022-02-22,Understand Wildflower,The principles and purpose,Self-management learning series; Vocabulary and definitions,discovery; visioning; planning; startup; open,guide,False,,"Essay explaining Wildflower’s teacher-led principle and its relationship to autonomy, responsibility, and school operations.",https://connected.wildflowerschools.org/posts/4530746-essay-teacher-led-by-erin-mckay-and-mary-rockett
post,5222593,Montessori para Adultos por Sep Kamvar,44,2023-11-15,Understand Wildflower,The principles and purpose,"Self-management learning series; Liberation, equity, and anti-bias work",discovery; visioning; planning; startup; open,other,False,,"Spanish essay on extending Montessori principles to adult guides, families, and the wider school community.",https://connected.wildflowerschools.org/posts/5222593-montessori-para-adultos-por-sep-kamvar
post,4530769,Essay: Shopfront by Katelyn Shore,40,2022-02-22,Understand Wildflower,The principles and purpose,,discovery; visioning; planning; startup; open,guide,False,,"Essay explaining the Shopfront principle and its implications for school size, teacher leadership, and community connection.",https://connected.wildflowerschools.org/posts/4530769-essay-shopfront-by-katelyn-shore
post,4529560,Essay: Beauty by Mary Rockett,39,2022-02-22,Understand Wildflower,The principles and purpose,"Montessori practice, observation, and assessment",discovery; visioning; planning; startup; open,guide,False,,Essay exploring Wildflower’s Beauty principle and its application to the Montessori classroom environment.,https://connected.wildflowerschools.org/posts/4529560-essay-beauty-by-mary-rockett
post,4652002,Wildflower's Roots in Research,32,2022-03-30,Understand Wildflower,The principles and purpose,,discovery; visioning,link,False,,Publication explaining the research base and principles behind the Wildflower model.,https://connected.wildflowerschools.org/posts/4652002-wildflower-s-roots-in-research
post,4529548,Essay: Nature by Mary Rockett,30,2022-02-22,Understand Wildflower,The principles and purpose,"Montessori practice, observation, and assessment",discovery; visioning; planning; startup; open,guide,False,,Essay explaining Wildflower’s Nature principle and how it can shape classroom and school practices.,https://connected.wildflowerschools.org/posts/4529548-essay-nature-by-mary-rockett
post,4506617,Welcome to Fireside Chats - Perspectives on Spiritual Preparation in Wildflower Schools,20,2021-10-28,Understand Wildflower,The principles and purpose,"Liberation, equity, and anti-bias work; How the School Startup Journey works",discovery; visioning; planning,training,False,,Training on spiritual preparation and liberatory Montessori principles for emerging teacher leaders.,https://connected.wildflowerschools.org/posts/4506617-welcome-to-fireside-chats-perspectives-on-spiritual-preparation-in-wildflower-s
post,4408882,Los nueve principios,18,2021-08-04,Understand Wildflower,The principles and purpose,,discovery; visioning; planning; startup; open,guide,False,,Spanish guide explaining Wildflower’s nine principles for creating and running schools.,https://connected.wildflowerschools.org/posts/4408882-los-nueve-principios
post,4527166,What Does it Mean for a School to be Teacher Led? by Matt Kramer,15,2022-02-22,Understand Wildflower,The principles and purpose,Self-management learning series; Roles and responsibilities,discovery; visioning; planning; startup; open,guide,False,,Explains the Teacher-Led principle and how it applies to operating a Wildflower school.,https://connected.wildflowerschools.org/posts/4527166-what-does-it-mean-for-a-school-to-be-teacher-led-by-matt-kramer
post,4530868,Why Shopfronts? by Sep Kamvar and Matt Kramer,13,2022-02-22,Understand Wildflower,The principles and purpose,,discovery; visioning,guide,False,,Explains the rationale and benefits of Wildflower’s shopfront school model.,https://connected.wildflowerschools.org/posts/4530868-why-shopfronts-by-sep-kamvar-and-matt-kramer
post,4530862,Wildflower Schools are Teacher-Led Schools by Sep Kamvar,11,2022-02-22,Understand Wildflower,The principles and purpose,Roles and responsibilities,discovery; visioning; planning; startup; open,guide,False,,"Essay explaining teacher leadership, autonomy, and decision-making in Wildflower schools.",https://connected.wildflowerschools.org/posts/4530862-wildflower-schools-are-teacher-led-schools-by-sep-kamvar
post,4530857,"Wildflower is a Forest, Not a Factory by Sep Kamvar",7,2022-02-22,Understand Wildflower,The principles and purpose,Network membership and what the Foundation does; Self-management learning series,discovery; visioning; planning; startup; open,guide,False,,"Essay explaining Wildflower’s forest model of growth, quality, support, and teacher-leader autonomy.",https://connected.wildflowerschools.org/posts/4530857-wildflower-is-a-forest-not-a-factory-by-sep-kamvar
post,4527172,On Artistry and Alignment by Sep Kamvar,3,2022-02-22,Understand Wildflower,The principles and purpose,"Staffing plans and finding a co-teacher leader; Montessori practice, observation, and assessment",discovery; visioning; planning; startup; open,guide,False,,"Essay on Montessori artistry, teacher-leader alignment, and co-teaching relationships.",https://connected.wildflowerschools.org/posts/4527172-on-artistry-and-alignment-by-sep-kamvar
post,4574046,School Startup Journey,3654,2025-03-21,Understand Wildflower,How the School Startup Journey works,Network membership and what the Foundation does,discovery; visioning; planning; startup,guide,False,,Overview of the four-phase School Startup Journey and how Emerging Teacher Leaders access it.,https://connected.wildflowerschools.org/posts/4574046-school-startup-journey
post,4600559,Discovery Phase: School Startup Journey,1598,2023-01-30,Understand Wildflower,How the School Startup Journey works,The principles and purpose,discovery,guide,False,,Overview of the Discovery phase and the School Startup Journey for teachers exploring a Wildflower school.,https://connected.wildflowerschools.org/posts/4600559-discovery-phase-school-startup-journey
post,4423223,Visioning Album: School Startup Journey,549,2026-01-08,Understand Wildflower,How the School Startup Journey works,The principles and purpose,visioning,template,False,,"Visioning Album template for reflecting on school purpose, personal motivation, and connection to place.",https://connected.wildflowerschools.org/posts/4423223-visioning-album-school-startup-journey
post,5212415,Getting started with the My Wildflower School Startup Journey Platform,506,2023-11-27,Understand Wildflower,How the School Startup Journey works,Using Connected and Slack,discovery; visioning; planning; startup,guide,False,,Explains how emerging teacher leaders access and use the School Startup Journey platform.,https://connected.wildflowerschools.org/posts/5212415-getting-started-with-the-my-wildflower-school-startup-journey-platform
post,4537787,Planning Album: School Startup Journey,228,2026-06-04,Understand Wildflower,How the School Startup Journey works,,planning,template,False,,Template album for organizing a school’s vision and planning work during the School Startup Journey.,https://connected.wildflowerschools.org/posts/4537787-planning-album-school-startup-journey
post,4415999,SSJ Advice Process: Visual Support,162,2022-01-18,Understand Wildflower,How the School Startup Journey works,The advice process,discovery; visioning; planning; startup,training,False,,Visual training explaining how the Advice Process fits into the School Startup Journey.,https://connected.wildflowerschools.org/posts/4415999-ssj-advice-process-visual-support
post,4600639,Visioning Phase: School Startup Journey,151,2023-01-30,Understand Wildflower,How the School Startup Journey works,The principles and purpose,visioning,guide,False,,Overview of the Visioning phase in Wildflower’s School Startup Journey.,https://connected.wildflowerschools.org/posts/4600639-visioning-phase-school-startup-journey
post,4570637,Template Deck for SSJ Modules,128,2022-01-06,Understand Wildflower,How the School Startup Journey works,"Working for the Foundation and internal process; Adult learning, assistants training, and exits",discovery; visioning; planning; startup,template,False,,Template slide deck for creating School Startup Journey (SSJ) learning modules.,https://connected.wildflowerschools.org/posts/4570637-template-deck-for-ssj-modules
post,4632853,Startup Operations Handbook ,128,2022-03-09,Understand Wildflower,How the School Startup Journey works,"Google Workspace, email, drives, and devices; Request forms and Foundation support",startup; open,template,False,,"Template for organizing key startup documents, dates, and contacts.",https://connected.wildflowerschools.org/posts/4632853-startup-operations-handbook
post,4643370,School Startup Journey Overview & Supports: One Pagers,125,2023-08-30,Understand Wildflower,How the School Startup Journey works,Network membership and what the Foundation does,discovery; visioning,guide,False,,Quick-reference one-pagers explain the School Startup Journey and available supports.,https://connected.wildflowerschools.org/posts/4643370-school-startup-journey-overview-supports-one-pagers
post,4600646,Planning Phase: School Startup Journey,123,2023-01-30,Understand Wildflower,How the School Startup Journey works,,planning,guide,False,,Overview and access point for the Planning phase of the School Startup Journey.,https://connected.wildflowerschools.org/posts/4600646-planning-phase-school-startup-journey
post,4600649,Startup Phase: School Startup Journey,106,2023-01-30,Understand Wildflower,How the School Startup Journey works,Network membership and what the Foundation does,startup,guide,False,,Overview and access point for the Startup phase of the School Startup Journey.,https://connected.wildflowerschools.org/posts/4600649-startup-phase-school-startup-journey
post,4432337,"From Teacher to Transformational Teacher Leader, Recorded ETL Gathering",70,2024-02-16,Understand Wildflower,How the School Startup Journey works,"Adult learning, assistants training, and exits; The principles and purpose",discovery; visioning; planning; startup,training,False,,Recorded Emerging Teacher Leader gathering on transformational leadership and Wildflower ways of working.,https://connected.wildflowerschools.org/posts/4432337-from-teacher-to-transformational-teacher-leader-recorded-etl-gathering
post,4626770,Viaje de Inicio de una Escuela Wildflower (SSJ),69,2022-05-18,Understand Wildflower,How the School Startup Journey works,,discovery; visioning; planning; startup,guide,False,,Guía en español del School Startup Journey y sus cuatro fases para abrir una escuela Wildflower.,https://connected.wildflowerschools.org/posts/4626770-viaje-de-inicio-de-una-escuela-wildflower-ssj
post,4530880,School Startup Journey: Roles & Responsibilities Example,63,2021-11-18,Understand Wildflower,How the School Startup Journey works,Roles and responsibilities; 501c3 status and the group exemption,visioning; planning; startup,template,False,,"School Startup Journey worksheet for assigning responsibilities, skills, interests, growth areas, and startup tasks.",https://connected.wildflowerschools.org/posts/4530880-school-startup-journey-roles-responsibilities-example
post,4631763,Planificación: Tercera Fase,60,2023-01-30,Understand Wildflower,How the School Startup Journey works,,planning,guide,False,,Spanish overview of the Planning phase in the School Startup Journey.,https://connected.wildflowerschools.org/posts/4631763-planificacion-tercera-fase
post,4911059,Month 2: Wildflower Charter Board Mini-Series,57,2023-01-06,Understand Wildflower,How the School Startup Journey works,Network membership and what the Foundation does; Board basics and recruiting members,discovery,training,True,Dated 2023 mini-series guidance and activities for a past cohort.,Month 2 training activities for exploring the School Startup Journey and connecting with the Wildflower network.,https://connected.wildflowerschools.org/posts/4911059-month-2-wildflower-charter-board-mini-series
post,4631746,Descubrimiento: Primera Fase,45,2023-01-30,Understand Wildflower,How the School Startup Journey works,The principles and purpose,discovery,guide,False,,Introducción en español a la fase de Descubrimiento del School Startup Journey y sus materiales.,https://connected.wildflowerschools.org/posts/4631746-descubrimiento-primera-fase
post,4708305,Tablero del Viaje de Inicio: Viaje de Inicio de una Escuela WF ,38,2022-05-20,Understand Wildflower,How the School Startup Journey works,,discovery; visioning; planning; startup,template,False,,Tablero en español para planificar el proceso de abrir una escuela Wildflower.,https://connected.wildflowerschools.org/posts/4708305-tablero-del-viaje-de-inicio-viaje-de-inicio-de-una-escuela-wf
post,4548425,Álbum de Visión para Comenzar una Escuela,26,2022-03-08,Understand Wildflower,How the School Startup Journey works,The principles and purpose,discovery; visioning,template,False,,Spanish visioning album template for exploring Wildflower and deciding whether to open a school.,https://connected.wildflowerschools.org/posts/4548425-album-de-vision-para-comenzar-una-escuela
post,4632836,Manual de Operaciones del Viaje de Inicio de Escuela,26,2022-03-09,Understand Wildflower,How the School Startup Journey works,"Google Workspace, email, drives, and devices; Working for the Foundation and internal process",startup; open,guide,False,,"Manual en español para organizar tareas, documentos y planes durante el inicio y la operación diaria de una escuela.",https://connected.wildflowerschools.org/posts/4632836-manual-de-operaciones-del-viaje-de-inicio-de-escuela
post,4433627,DC Wildflower Public Charter School (DCWPCS) School Startup Planning Album,22,2022-02-22,Understand Wildflower,How the School Startup Journey works,Finding a space and pitching landlords,discovery; visioning; planning; startup,example,False,,Example school startup planning album documenting a founding site and the startup journey.,https://connected.wildflowerschools.org/posts/4433627-dc-wildflower-public-charter-school-dcwpcs-school-startup-planning-album
post,4432283,"Opening and Running a Wildflower School: Teacher Leader Panel,  Recorded ETL Gathering",22,2022-02-22,Understand Wildflower,How the School Startup Journey works,"Past gatherings, session notes, and dated reports",discovery; visioning; planning; startup; open,training,True,Recorded session from a March 2021 gathering.,Recorded teacher leader panel on opening and running a Wildflower school.,https://connected.wildflowerschools.org/posts/4432283-opening-and-running-a-wildflower-school-teacher-leader-panel-recorded-etl-gathe
post,4631772,Inicio: Cuarta Fase,22,2023-01-30,Understand Wildflower,How the School Startup Journey works,Network membership and what the Foundation does,startup; open,guide,False,,Descripción en español de la cuarta fase del Viaje de Inicio de una Escuela Wildflower y sus apoyos.,https://connected.wildflowerschools.org/posts/4631772-inicio-cuarta-fase
post,5629686,Charter School Site Visioning Album Template,22,2026-01-08,Understand Wildflower,How the School Startup Journey works,Charter-specific compliance,visioning; planning,template,False,,Template for documenting a charter school site’s vision during the School Startup Journey.,https://connected.wildflowerschools.org/posts/5629686-charter-school-site-visioning-album-template
post,4440483,Emerging Teacher Leader Charter Exploration Case Study,21,2021-09-02,Understand Wildflower,How the School Startup Journey works,Charter-specific compliance; Roles and responsibilities,discovery; visioning,example,False,,Case study of an emerging teacher leader exploring a charter-school path.,https://connected.wildflowerschools.org/posts/4440483-emerging-teacher-leader-charter-exploration-case-study
post,4614229,Guía para el inicio de una escuela Wildflower,21,2022-03-09,Understand Wildflower,How the School Startup Journey works,The principles and purpose; Vocabulary and definitions,discovery; visioning; planning; startup,guide,True,This Spanish School Startup Journey version was last updated in December 2021 and explicitly points users to a newer version.,"Spanish guide to the School Startup Journey, including startup stages, vocabulary, affiliation, funding, and self-management.",https://connected.wildflowerschools.org/posts/4614229-guia-para-el-inicio-de-una-escuela-wildflower
post,5190238,Sign up to be a School Startup Journey Advice Giver,19,2023-10-13,Understand Wildflower,How the School Startup Journey works,The advice process; Coaches directory,discovery; visioning; planning; startup,directory,False,,Sign-up form for people who provide advice to School Startup Journey participants.,https://connected.wildflowerschools.org/posts/5190238-sign-up-to-be-a-school-startup-journey-advice-giver
post,6029896,Emerging Teacher Leader & Operations Guide Agreement,16,2026-08-03,Understand Wildflower,How the School Startup Journey works,Network membership and what the Foundation does,visioning; planning; startup,template,False,,Agreement outlining expectations and responsibilities for emerging teacher leaders using the operations guide.,https://connected.wildflowerschools.org/posts/6029896-emerging-teacher-leader-operations-guide-agreement
post,4631757,Visión: Segunda Fase,12,2023-01-30,Understand Wildflower,How the School Startup Journey works,,visioning,guide,False,,Spanish overview of the Visioning phase of the School Startup Journey.,https://connected.wildflowerschools.org/posts/4631757-vision-segunda-fase
post,4462504,Wildflower Vocabulary,195,2025-09-16,Understand Wildflower,Vocabulary and definitions,How the School Startup Journey works,discovery; visioning; planning; startup; open,guide,False,,Reference list defining Wildflower terms and vocabulary for emerging teacher leaders.,https://connected.wildflowerschools.org/posts/4462504-wildflower-vocabulary
post,4654288,Teacher Leader Definition,101,2022-04-04,Understand Wildflower,Vocabulary and definitions,The principles and purpose; Staffing plans and finding a co-teacher leader,discovery; visioning; planning; startup; open,guide,False,,Defines the network’s preferred term and role for the person leading a Wildflower school.,https://connected.wildflowerschools.org/posts/4654288-teacher-leader-definition
post,4633212,Lista de Vocabulario Wildflower,63,2022-05-03,Understand Wildflower,Vocabulary and definitions,How the School Startup Journey works; Network membership and what the Foundation does,discovery; visioning; planning; startup; open,guide,False,,Lista en español de términos y definiciones esenciales de Wildflower.,https://connected.wildflowerschools.org/posts/4633212-lista-de-vocabulario-wildflower
post,4527043,Foundation: Why Do We Use the Term Partner? by Matt Kramer,53,2022-02-28,Understand Wildflower,Vocabulary and definitions,The principles and purpose; Radical transparency and wholeness,discovery; visioning; planning; startup; open,guide,False,,Explains why Wildflower uses the term “Partner” and what it means in the organization.,https://connected.wildflowerschools.org/posts/4527043-foundation-why-do-we-use-the-term-partner-by-matt-kramer
post,5240492,Wildflower Pods - Overview,45,2023-12-06,Understand Wildflower,Vocabulary and definitions,The principles and purpose; Network membership and what the Foundation does,discovery; visioning; planning; startup; open,guide,False,,One-page overview defining Wildflower Pods and how they fit into the network.,https://connected.wildflowerschools.org/posts/5240492-wildflower-pods-overview
post,4531001,Montessori Organizations in the US,5,2022-02-22,Understand Wildflower,Vocabulary and definitions,Vendors and network discounts,discovery; visioning; planning; startup; open,directory,False,,Cheat sheet comparing major Montessori organizations and their affiliations.,https://connected.wildflowerschools.org/posts/4531001-montessori-organizations-in-the-us
question,4475093,Self-management policy,37,2021-09-30,Practice self-management and culture,Self-management learning series,"Roles and responsibilities; Board policies (conflict of interest, nepotism, whistleblower, retention)",planning; startup; open,policy,False,,Guidance on framing a school’s self-management policy as an evolving reference to network policies.,https://connected.wildflowerschools.org/questions/4475093
question,4582379,How much are teacher leaders spending on bookkeeping?,94,2022-02-22,"Budget, tuition, and finances","Bookkeeping, QuickBooks, and chart of accounts",Vendors and network discounts,planning; startup; open,data,False,,"Community-sourced examples of bookkeeping, payroll, cleanup, and nonprofit accounting costs.",https://connected.wildflowerschools.org/questions/4582379
question,5240780,Do you have any tricks for cutting down on printing costs? ,12,2023-12-07,"Budget, tuition, and finances",Building and using your budget,"Google Workspace, email, drives, and devices",startup; open,guide,False,,Practical advice for reducing school printing expenses and managing administrative costs.,https://connected.wildflowerschools.org/questions/5240780
question,5469402,What should I do if a grant I'm applying for requires proof of insurance?,22,2024-09-05,Fund your school,Outside grants and grant writing,"Safety, health, and compliance policies",planning; startup,guide,False,,Guidance on handling unusually high insurance requirements in grant applications.,https://connected.wildflowerschools.org/questions/5469402
question,4986384,How do we find a reliable person or organization for sidewalk snow removal outside our school? ,13,2023-03-02,"Find coaches, consultants, and vendors",Vendors and network discounts,"Finding a space and pitching landlords; Safety, health, and compliance policies",startup; open,guide,False,,Suggestions for finding a dependable snow-removal vendor or community partner for school safety.,https://connected.wildflowerschools.org/questions/4986384
question,4462868,Where can I find content about CLASS and Montessori?,27,2021-09-20,Get licensed and stay compliant,QRIS and quality ratings,"Montessori practice, observation, and assessment",planning; startup; open,guide,False,,Overview of the CLASS classroom-quality assessment and its relevance to Montessori practice.,https://connected.wildflowerschools.org/questions/4462868
question,4459323,How should we prepare for an Early Childhood Environment Rating Scale (ECERS) visit?,10,2022-02-22,Get licensed and stay compliant,QRIS and quality ratings,"Licensing by state; Montessori practice, observation, and assessment",planning; startup; open,guide,False,,Guide to preparing a Montessori classroom and communicating with ECERS raters to support a quality rating.,https://connected.wildflowerschools.org/questions/4459323
question,4420847,Must all staff members take the Mass. EEC Essential training each year?,15,2021-08-16,Get licensed and stay compliant,Licensing by state,"Safety, health, and compliance policies; Adult learning, assistants training, and exits",planning; startup; open,guide,True,This 2021 Massachusetts EEC training guidance may have been superseded by newer state requirements.,Explains Massachusetts EEC initial and annual staff training requirements.,https://connected.wildflowerschools.org/questions/4420847
question,4871359,Asking for a friend - Postcard marketing service?,40,2022-11-18,Recruit families and market,"Info sessions, local partnerships, and media","Marketing 101, style guide, name, and logo",startup; open,example,False,,Example of a postcard marketing vendor and direct-mail outreach experience.,https://connected.wildflowerschools.org/questions/4871359
question,4482727,I'm wondering if anyone has a community engagement plan they would be willing to share?,29,2022-01-10,Recruit families and market,"Info sessions, local partnerships, and media",Enrollment playbooks and recruitment plans,visioning; planning; startup,example,False,,Request for a community engagement plan to support local partnerships and school recruitment.,https://connected.wildflowerschools.org/questions/4482727
question,4669775,How do you generate a QR code (to put on a poster) that links to our website's application?,48,2022-05-02,Recruit families and market,"Website, social media, and online ads","Info sessions, local partnerships, and media",startup; open,guide,False,,Instructions and tools for creating a QR code that links families to the school application website.,https://connected.wildflowerschools.org/questions/4669775
question,4409048,Who should I speak with about preparing nonprofit formation guidance for a new state/hub?,13,2021-08-04,Form your nonprofit,State-by-state nonprofit formation,501c3 status and the group exemption; Working for the Foundation and internal process,planning,other,False,,Identifies the right contact for preparing nonprofit formation guidance in a new state or hub.,https://connected.wildflowerschools.org/questions/4409048
question,4408600,What options can I recommend to families looking for free or low-cost Wifi options?,6,2021-08-04,Run the classroom and program,Montessori at home and distance learning,"Google Workspace, email, drives, and devices",startup; open,guide,True,This 2021 guide describes internet assistance programs that may have been superseded by newer eligibility rules or offerings.,Guide for helping families find low-cost internet and Wi-Fi options for distance learning.,https://connected.wildflowerschools.org/questions/4408600
question,4786870,Indoor garden planter recommendation? ,42,2022-08-22,Run the classroom and program,Montessori materials and vendors,"Vendors and network discounts; Design, construction, and interior",startup; open,directory,False,,"Recommendations for indoor classroom planters, including vendors and build-to-order options.",https://connected.wildflowerschools.org/questions/4786870
question,4499365,Purchasing real estate,49,2021-10-20,Find and set up your space,Purchasing real estate,"Leases, guaranties, and legal review",planning; startup,guide,False,,Question about Wildflower guidance and resources for purchasing school real estate.,https://connected.wildflowerschools.org/questions/4499365
question,4669859,How do I delete an uploaded file in my Connected post?,69,2022-04-19,Set up systems and tools,Using Connected and Slack,,open,guide,False,,Instructions for deleting an uploaded file from a Connected post.,https://connected.wildflowerschools.org/questions/4669859
question,4669834,How do I make copies of what I find in Connected for my own use?,65,2022-04-19,Set up systems and tools,Using Connected and Slack,"Google Workspace, email, drives, and devices",discovery; visioning; planning; startup; open,guide,False,,"Instructions for downloading, copying, and sharing content from Connected.",https://connected.wildflowerschools.org/questions/4669834
question,4764626,How can I do a keyword search within an uploaded document?,55,2022-08-03,Set up systems and tools,Using Connected and Slack,,discovery; visioning; planning; startup; open,guide,False,,Instructions for searching within an uploaded document in Connected.,https://connected.wildflowerschools.org/questions/4764626
question,4669819,"In search results, I would like to know which are unique posts and which are part of a series. How do I do that?",41,2022-04-19,Set up systems and tools,Using Connected and Slack,,open,guide,False,,Explains how to identify series and unique posts in Connected search results.,https://connected.wildflowerschools.org/questions/4669819
question,4669829,I don’t really know what I am looking for. Is there a way to browse what is in Connected more generally?,40,2022-04-19,Set up systems and tools,Using Connected and Slack,,discovery; visioning; planning; startup; open,guide,False,,Explains how to browse and filter content in Connected.,https://connected.wildflowerschools.org/questions/4669829
question,4707599,How do I bookmark posts? ,40,2022-05-19,Set up systems and tools,Using Connected and Slack,,discovery; visioning; planning; startup; open,guide,False,,Instructions for bookmarking frequently used resources in Connected.,https://connected.wildflowerschools.org/questions/4707599
question,4716810,How can I get notified when someone mentions me or responds to my comments in Connected? ,37,2022-06-06,Set up systems and tools,Using Connected and Slack,,open,guide,False,,Instructions for enabling Connected email notifications for mentions and comment replies.,https://connected.wildflowerschools.org/questions/4716810
question,4669865,How can I bulk add contributors to a few of my Connected posts?,34,2022-04-19,Set up systems and tools,Using Connected and Slack,,open,guide,False,,Instructions for bulk-managing contributors and other settings on Connected posts.,https://connected.wildflowerschools.org/questions/4669865
question,4707493,What is the best way to contact authors and/or admins in Connected? ,32,2022-05-19,Set up systems and tools,Using Connected and Slack,,open,guide,False,,"Explains how to contact authors and admins using Connected comments, mentions, replies, and sharing.",https://connected.wildflowerschools.org/questions/4707493
question,4669867,Why did a post I scheduled to publish later publish immediately? ,32,2022-04-21,Set up systems and tools,Using Connected and Slack,,open,guide,False,,Explains how scheduled posts work in Connected and why clicking publish posts immediately.,https://connected.wildflowerschools.org/questions/4669867
question,4669797,"When I search for something, Connected pulls up many results that I feel a bit overwhelmed. What should I do? ",30,2022-04-19,Set up systems and tools,Using Connected and Slack,,open,guide,False,,Tips for using Connected search filters to find relevant content.,https://connected.wildflowerschools.org/questions/4669797
question,4669856,"When I make edits to my post and publish it again, I can’t immediately find my post in Connected. Help? ",27,2022-04-19,Set up systems and tools,Using Connected and Slack,,open,guide,False,,Explains Connected's moderation process after editing and republishing a post.,https://connected.wildflowerschools.org/questions/4669856
question,4669852,I see a document in a post that looks different from an uploaded file and cannot be downloaded. What are these?,26,2022-05-18,Set up systems and tools,Using Connected and Slack,,discovery; visioning; planning; startup; open,guide,False,,Explains how iframed live documents work in Connected and why they cannot be downloaded or indexed.,https://connected.wildflowerschools.org/questions/4669852
question,4669871,"If I make edits to my post and republish, will users get notified? Should I check “publish quietly” if I didn’t want to send out a notification? ",22,2022-04-19,Set up systems and tools,Using Connected and Slack,,open,guide,False,,"Explains how post edits, republishing, and notifications work in Connected.",https://connected.wildflowerschools.org/questions/4669871
question,4669863,I copy and pasted my content into a Connected post but the formatting is off. Any tips? ,18,2022-04-19,Set up systems and tools,Using Connected and Slack,,startup; open,guide,False,,Tips for formatting posts and uploading files in Connected.,https://connected.wildflowerschools.org/questions/4669863
question,4596407,Does Wildflower provide Zoom accounts for schools?,38,2022-02-22,Set up systems and tools,"Google Workspace, email, drives, and devices",,startup; open,guide,False,,Explains how schools obtain Zoom accounts for online communication.,https://connected.wildflowerschools.org/questions/4596407
question,4556999,"As an emerging teacher leader, when do I get my school Gmail account?",30,2022-01-18,Set up systems and tools,"Google Workspace, email, drives, and devices",How the School Startup Journey works,planning,guide,False,,Explains when emerging teacher leaders receive school Gmail and Google Workspace access.,https://connected.wildflowerschools.org/questions/4556999
question,4596395,When do you email support@wildflowerschools.org?,7,2022-02-01,Set up systems and tools,Request forms and Foundation support,Network membership and what the Foundation does,planning; startup; open,guide,False,,Explains when and how school teams should contact Wildflower Support.,https://connected.wildflowerschools.org/questions/4596395
question,4596397,I am having some struggles with Transparent Classroom. Is there someone who could spend some time with me troubleshooting and answering questions?,23,2022-02-22,Set up systems and tools,Transparent Classroom,,startup; open,guide,False,,Instructions for getting Transparent Classroom troubleshooting and training support.,https://connected.wildflowerschools.org/questions/4596397
question,4552079,How do I change notifications that go out to families after they submit an application in Transparent Classroom?,13,2021-12-13,Set up systems and tools,Transparent Classroom,"Family communications (accepted, waitlist, re-enrollment)",startup; open,guide,False,,Instructions for changing Transparent Classroom notifications sent to families after an application is submitted.,https://connected.wildflowerschools.org/questions/4552079
question,4430310,How do I add a new staff member to our school's Transparent Classroom account?,10,2022-01-10,Set up systems and tools,Transparent Classroom,,startup; open,guide,False,,Instructions for adding a staff member to a school's Transparent Classroom account.,https://connected.wildflowerschools.org/questions/4430310
question,4430305,How do I change the sessions in my school's Transparent Classroom account?,3,2021-08-25,Set up systems and tools,Transparent Classroom,,startup; open,guide,False,,Instructions for adding or changing school sessions in Transparent Classroom.,https://connected.wildflowerschools.org/questions/4430305
series,4821391,SERIES: Connecting Communities: Wildflower Charter Board Mini-Series,52,2023-01-06,Build and run your board,"Board health, reflection, and training",Network membership and what the Foundation does,planning; open,training,False,,Self-guided training series helping charter board members understand Wildflower and the network.,https://connected.wildflowerschools.org/series/4821391-series-connecting-communities-wildflower-charter-board-mini-series
series,4958237,Recursos sobre las Juntas Directivas de Escuelas Wildflower,29,2023-02-03,Build and run your board,Board basics and recruiting members,"Meetings: agendas, minutes, notice, first four meetings; Board policies (conflict of interest, nepotism, whistleblower, retention)",planning; open,guide,False,,Serie en español con recursos generales para crear y gestionar la junta directiva de una escuela Wildflower.,https://connected.wildflowerschools.org/series/4958237-recursos-sobre-las-juntas-directivas-de-escuelas-wildflower
series,4528458,SERIES: Introduction to School Boards and School Board Meetings,635,2026-01-15,Build and run your board,"Meetings: agendas, minutes, notice, first four meetings",Board basics and recruiting members,planning; startup; open,guide,False,,Collection of resources for teacher leaders on school boards and board meetings.,https://connected.wildflowerschools.org/series/4528458-series-introduction-to-school-boards-and-school-board-meetings
series,4672163,Series: School Board Meetings Tools and Templates ,606,2026-01-15,Build and run your board,"Meetings: agendas, minutes, notice, first four meetings",Board basics and recruiting members,planning; startup; open,template,False,,Series of tools and templates for preparing and managing school board meetings.,https://connected.wildflowerschools.org/series/4672163-series-school-board-meetings-tools-and-templates
series,4925468,"
Serie: Plantillas y Herramientas para Reuniones de la Junta Directiva
",24,2023-01-25,Build and run your board,"Meetings: agendas, minutes, notice, first four meetings",Board basics and recruiting members,planning; startup; open,template,False,,Spanish series of templates and tools for managing school board meetings.,https://connected.wildflowerschools.org/series/4925468-serie-plantillas-y-herramientas-para-reuniones-de-la-junta-directiva
series,4528460,SERIES: School Board Resolutions and Policies,350,2023-12-04,Build and run your board,Board resolutions library,"Board policies (conflict of interest, nepotism, whistleblower, retention); Meetings: agendas, minutes, notice, first four meetings",planning; startup; open,template,False,,"Sample board resolutions and policies, with guidance on when board actions belong in minutes instead.",https://connected.wildflowerschools.org/series/4528460-series-school-board-resolutions-and-policies
series,4834926,Self-Management Learning Series Module 2: The Advice Process,375,2022-10-24,Practice self-management and culture,The advice process,Self-management learning series,planning; startup; open,training,False,,Training module introducing the advice process through videos and activities.,https://connected.wildflowerschools.org/series/4834926-self-management-learning-series-module-2-the-advice-process
series,5190235,Series: Information for SSJ Advice Givers,37,2023-10-13,Practice self-management and culture,The advice process,How the School Startup Journey works,planning; startup; open,training,False,,Series supporting people who give advice in the advice process.,https://connected.wildflowerschools.org/series/5190235-series-information-for-ssj-advice-givers
series,4836156,Self-Management Learning Series Module 4: Conflict Resolution,291,2022-10-24,Practice self-management and culture,Conflict resolution,Self-management learning series,discovery; visioning; planning; startup; open,training,False,,Fourth self-management learning module focused on conflict resolution through videos and activities.,https://connected.wildflowerschools.org/series/4836156-self-management-learning-series-module-4-conflict-resolution
series,4527958,SERIES: Equity Trainings,174,2022-02-22,Practice self-management and culture,"Liberation, equity, and anti-bias work",Equity and conflict consultants,startup; open,training,False,,Series of equity-focused professional development trainings for Wildflower partners.,https://connected.wildflowerschools.org/series/4527958-series-equity-trainings
series,4588030,SERIES: Liberatory Leadership Series,90,2022-02-22,Practice self-management and culture,"Liberation, equity, and anti-bias work",Self-management learning series,discovery; visioning; planning; startup; open,training,False,,Training series on liberatory leadership and the shared vision for Liberatory Montessori.,https://connected.wildflowerschools.org/series/4588030-series-liberatory-leadership-series
series,4516190,SERIES: Equity Steward Community of Practice Resources,39,2022-02-22,Practice self-management and culture,"Liberation, equity, and anti-bias work",Radical transparency and wholeness,discovery; visioning; planning; startup; open,training,False,,"Community of practice resources for advancing equity, inclusion, and belonging.",https://connected.wildflowerschools.org/series/4516190-series-equity-steward-community-of-practice-resources
series,5389957,Series: WELL - White Affinity Space,33,2024-11-07,Practice self-management and culture,"Liberation, equity, and anti-bias work",,discovery; visioning; planning; startup; open,training,False,,Series for a white affinity space focused on racial equity and anti-bias learning.,https://connected.wildflowerschools.org/series/5389957-series-well-white-affinity-space
series,5951609,"The Five ""A""s of Liberation Culture",10,2026-03-04,Practice self-management and culture,"Liberation, equity, and anti-bias work",,discovery; visioning; planning; startup; open,training,False,,Training series on the core elements of liberation culture.,https://connected.wildflowerschools.org/series/5951609-the-five-a-s-of-liberation-culture
series,4835117,Self-Management Learning Series Module 3: Roles and Responsibilities,219,2022-10-24,Practice self-management and culture,Roles and responsibilities,Self-management learning series,discovery; visioning; planning; startup; open,training,False,,Training module on self-management roles and responsibilities.,https://connected.wildflowerschools.org/series/4835117-self-management-learning-series-module-3-roles-and-responsibilities
series,4530908,SERIES: Roles & Responsibilities School Examples,178,2025-06-17,Practice self-management and culture,Roles and responsibilities,,planning; startup; open,example,False,,Examples of school roles and responsibilities in practice.,https://connected.wildflowerschools.org/series/4530908-series-roles-responsibilities-school-examples
series,4834846,Self-Management Learning Series Module 1: Introduction to Self-Management and Domination Culture,434,2022-10-24,Practice self-management and culture,Self-management learning series,"The principles and purpose; Liberation, equity, and anti-bias work",discovery; visioning; planning; startup; open,training,False,,Introductory training module on self-management and domination culture.,https://connected.wildflowerschools.org/series/4834846-self-management-learning-series-module-1-introduction-to-self-management-and-dom
series,4409967,SERIES:Self-Management,421,2022-02-22,Practice self-management and culture,Self-management learning series,Roles and responsibilities; The advice process,discovery; visioning; planning; startup; open,training,False,,"Overview of Wildflower’s self-management philosophy and core practices, including roles and the advice process.",https://connected.wildflowerschools.org/series/4409967-series-self-management
series,4837027,Self-Management Learning Series Module 6: Integration,93,2022-10-24,Practice self-management and culture,Self-management learning series,The principles and purpose,discovery; visioning; planning; startup; open,training,False,,"Final module in the Self-Management Learning Series, focused on integrating self-management practices.",https://connected.wildflowerschools.org/series/4837027-self-management-learning-series-module-6-integration
series,4836902,Self-Management Learning Series Module 5: Radical Transparency,55,2022-10-24,Practice self-management and culture,Radical transparency and wholeness,Self-management learning series,planning; startup; open,training,False,,Module in the self-management learning series focused on radical transparency.,https://connected.wildflowerschools.org/series/4836902-self-management-learning-series-module-5-radical-transparency
series,4396635,SERIES: Admissions & Enrollment Contracts and Forms,215,2023-02-22,Enroll and welcome families,Enrollment agreements and forms,"Family communications (accepted, waitlist, re-enrollment)",planning; startup; open,template,False,,Series of enrollment contracts and forms for admitting and enrolling families.,https://connected.wildflowerschools.org/series/4396635-series-admissions-enrollment-contracts-and-forms
series,4570733,SERIES: Parent Handbook Examples,293,2022-08-03,Enroll and welcome families,Family handbooks,Enrollment agreements and forms,startup; open,example,False,,Collection of example parent handbooks for adapting family-facing school policies and information.,https://connected.wildflowerschools.org/series/4570733-series-parent-handbook-examples
series,5333747,Series: Bookkeeping Resources for Teacher Leaders,168,2025-05-28,"Budget, tuition, and finances","Bookkeeping, QuickBooks, and chart of accounts",,planning; startup; open,guide,False,,Collection of bookkeeping resources for school site leaders.,https://connected.wildflowerschools.org/series/5333747-series-bookkeeping-resources-for-teacher-leaders
series,4715228,"SERIES: Finance, Getting Started",118,2024-02-19,"Budget, tuition, and finances",Building and using your budget,"Bookkeeping, QuickBooks, and chart of accounts; Fiscal policies, audits, and the 990",startup; open,guide,False,,Collection of finance resources supporting school budgeting and ongoing financial operations.,https://connected.wildflowerschools.org/series/4715228-series-finance-getting-started
series,4699674,SERIES: Flexible Tuition / Financial Aid Resources,538,2024-05-03,"Budget, tuition, and finances",Financial aid and subsidies,Setting tuition and flexible tuition,planning; startup; open,other,False,,Series of resources on flexible tuition and financial aid.,https://connected.wildflowerschools.org/series/4699674-series-flexible-tuition-financial-aid-resources
series,4438375,SERIES:Fiscal Policies and Procedures,233,2025-06-18,"Budget, tuition, and finances","Fiscal policies, audits, and the 990","Board policies (conflict of interest, nepotism, whistleblower, retention); Bookkeeping, QuickBooks, and chart of accounts",planning; startup; open,guide,False,,Collection of resources and templates for creating and managing school fiscal policies and procedures.,https://connected.wildflowerschools.org/series/4438375-series-fiscal-policies-and-procedures
series,4438312,SERIES: Fiscal Policies and Procedures - External Examples,110,2022-09-08,"Budget, tuition, and finances","Fiscal policies, audits, and the 990","Board policies (conflict of interest, nepotism, whistleblower, retention)",planning; open,example,False,,External examples of fiscal policies and procedures for school teams to adapt.,https://connected.wildflowerschools.org/series/4438312-series-fiscal-policies-and-procedures-external-examples
series,4566969,SERIES: Family Survey Reporting,65,2022-09-14,Foundation staff and regional work,Network data and reports,"Family communications (accepted, waitlist, re-enrollment)",open,data,False,,Series for reporting and interpreting family survey data.,https://connected.wildflowerschools.org/series/4566969-series-family-survey-reporting
series,4566975,SERIES: Teacher Leader Demographic and Montessori Experience Reports,30,2022-10-04,Foundation staff and regional work,Network data and reports,,open,data,True,Dated demographic and Montessori experience reports last updated in 2022.,Series of reports on teacher leader demographics and Montessori experience.,https://connected.wildflowerschools.org/series/4566975-series-teacher-leader-demographic-and-montessori-experience-reports
series,4626916,School Admin Metric and Time Tracking Study,7,2022-03-02,Foundation staff and regional work,Network data and reports,,open,data,True,Dated 2022 study and metric snapshot.,Study of school administration metrics and time tracking.,https://connected.wildflowerschools.org/series/4626916-school-admin-metric-and-time-tracking-study
series,4420556,SERIES: What's New,42,2022-02-22,Foundation staff and regional work,Working for the Foundation and internal process,,discovery; visioning; planning; startup; open,other,False,,Generic collection of recently shared resources without enough subject detail to place in a specific topic.,https://connected.wildflowerschools.org/series/4420556-series-what-s-new
series,4423093,SERIES: School Fundraising Resources,471,2023-11-30,Fund your school,Fundraising campaigns and donor communications,Outside grants and grant writing,planning; startup; open,other,False,,Series of resources for planning and carrying out school fundraising.,https://connected.wildflowerschools.org/series/4423093-series-school-fundraising-resources
series,4838046,Foundation Fundraising: Prospect Research with Foundation Directory Online,11,2022-10-20,Fund your school,Outside grants and grant writing,Regional fundraising and growth,planning; startup; open,training,False,,Training on researching prospective foundation funders using Foundation Directory Online.,https://connected.wildflowerschools.org/series/4838046-foundation-fundraising-prospect-research-with-foundation-directory-online
series,4406175,SERIES: Growth & Connectedness Coaches,303,2024-05-21,"Find coaches, consultants, and vendors",Coaches directory,Network membership and what the Foundation does,open,directory,False,,Series introducing screened growth and connectedness coaches and helping teams choose coaching support.,https://connected.wildflowerschools.org/series/4406175-series-growth-connectedness-coaches
series,4406852,SERIES: Montessori Practice & Administration Coaches/Consultants,45,2022-05-17,"Find coaches, consultants, and vendors",Coaches directory,"Equity and conflict consultants; Montessori practice, observation, and assessment",discovery; visioning; planning; startup; open,directory,False,,Directory series for Montessori practice and administration coaches and consultants.,https://connected.wildflowerschools.org/series/4406852-series-montessori-practice-administration-coaches-consultants
series,4559007,SERIES: Conflict Resolution: Professional Facilitators,102,2022-02-22,"Find coaches, consultants, and vendors",Equity and conflict consultants,Conflict resolution,open,directory,False,,Directory of professional facilitators and conflict mediators for resolving school team conflicts.,https://connected.wildflowerschools.org/series/4559007-series-conflict-resolution-professional-facilitators
series,4527903,SERIES: Equity Consultants,87,2022-02-22,"Find coaches, consultants, and vendors",Equity and conflict consultants,"Liberation, equity, and anti-bias work; Adult learning, assistants training, and exits",planning; startup; open,directory,False,,"Directory of equity, diversity, and inclusion consultants available to support school teams.",https://connected.wildflowerschools.org/series/4527903-series-equity-consultants
series,4440805,SERIES:Charter Case Studies,17,2022-02-22,Get licensed and stay compliant,Charter-specific compliance,,discovery; visioning; planning; startup; open,example,False,,Series of examples about charter school cases and experiences.,https://connected.wildflowerschools.org/series/4440805-series-charter-case-studies
series,4599004,SERIES: Minnesota Wildflower Montessori School (MWMS) - Charter Toolkit,9,2022-02-28,Get licensed and stay compliant,Charter-specific compliance,Licensing by state,planning; startup; open,guide,False,,Series covering Minnesota charter-school requirements and tools for a Wildflower school.,https://connected.wildflowerschools.org/series/4599004-series-minnesota-wildflower-montessori-school-mwms-charter-toolkit
series,4530813,SERIES: Licensing By State,199,2022-02-22,Get licensed and stay compliant,Licensing by state,,discovery; visioning; planning; startup; open,guide,False,,"Overview of state licensing requirements and how licensing affects the school’s timeline, budget, and launch.",https://connected.wildflowerschools.org/series/4530813-series-licensing-by-state
series,4530887,SERIES: [MN] Licensing FAQ,26,2022-02-22,Get licensed and stay compliant,Licensing by state,,planning; startup; open,guide,False,,Minnesota-specific licensing FAQ for school teams.,https://connected.wildflowerschools.org/series/4530887-series-mn-licensing-faq
series,4599062,SERIES: Minnesota Early Childcare Licensing,7,2022-02-28,Get licensed and stay compliant,Licensing by state,,planning; startup; open,guide,False,,Series covering Minnesota early childcare licensing requirements.,https://connected.wildflowerschools.org/series/4599062-series-minnesota-early-childcare-licensing
series,4657402,Series: School Marketing ,243,2024-06-25,Recruit families and market,"Marketing 101, style guide, name, and logo",Enrollment playbooks and recruitment plans,visioning; planning; startup; open,guide,False,,Series covering the fundamentals of marketing a Wildflower school.,https://connected.wildflowerschools.org/series/4657402-series-school-marketing
series,4674247,SERIES: Wildflower Silde Deck Templates,184,2022-04-25,Recruit families and market,"Info sessions, local partnerships, and media","Marketing 101, style guide, name, and logo",visioning; planning; startup; open,template,False,,Collection of slide deck templates for school presentations and community or family engagement.,https://connected.wildflowerschools.org/series/4674247-series-wildflower-silde-deck-templates
series,4531165,SERIES: Virtual Marketing/Student Recruitment,126,2023-10-04,Recruit families and market,"Website, social media, and online ads",Enrollment playbooks and recruitment plans,planning; startup,guide,False,,Series of resources on virtual marketing and student recruitment.,https://connected.wildflowerschools.org/series/4531165-series-virtual-marketing-student-recruitment
series,4506764,SERIES: Becoming a Member of the Wildflower Network,408,2023-04-24,Form your nonprofit,Network Membership and charter affiliation agreements,Network membership and what the Foundation does,visioning; planning; startup; open,guide,False,,Series explaining the Network Membership Agreement and the legal relationship between Wildflower schools and the Foundation.,https://connected.wildflowerschools.org/series/4506764-series-becoming-a-member-of-the-wildflower-network
series,4409033,SERIES: Nonprofit Formation: State-by-State Guidance,905,2025-08-20,Form your nonprofit,State-by-state nonprofit formation,501c3 status and the group exemption,planning,guide,False,,Series of state-by-state guidance for forming a school nonprofit.,https://connected.wildflowerschools.org/series/4409033-series-nonprofit-formation-state-by-state-guidance
series,4482383,SERIES: Facilities & Real Estate Resources,251,2023-03-30,Find and set up your space,Finding a space and pitching landlords,"Leases, guaranties, and legal review; Design, construction, and interior",discovery; visioning; planning; startup; open,guide,False,,"Series hub for foundational facilities, real estate, and school design resources.",https://connected.wildflowerschools.org/series/4482383-series-facilities-real-estate-resources
series,4582239,SERIES: Connected: Getting Started,225,2022-07-28,Set up systems and tools,Using Connected and Slack,,planning; startup; open,training,False,,Series introducing school teams to Connected and how to get started.,https://connected.wildflowerschools.org/series/4582239-series-connected-getting-started
series,4669875,Series: Connected FAQs for Users,64,2022-07-28,Set up systems and tools,Using Connected and Slack,,startup; open,guide,False,,Series of frequently asked questions about using Connected.,https://connected.wildflowerschools.org/series/4669875-series-connected-faqs-for-users
series,4764646,Series: Connected FAQs for Authors,39,2022-07-28,Set up systems and tools,Using Connected and Slack,,planning; startup; open,guide,False,,Series pointing authors to FAQs about using Connected.,https://connected.wildflowerschools.org/series/4764646-series-connected-faqs-for-authors
series,5045830,SERIES: System Setup Request Forms,58,2023-04-24,Set up systems and tools,Request forms and Foundation support,How the School Startup Journey works,planning; startup,guide,False,,Series collecting request forms for Foundation support with school system setup during startup.,https://connected.wildflowerschools.org/series/5045830-series-system-setup-request-forms
series,4538694,"SERIES: Human Resources (HR), Getting Started",104,2022-05-31,"Hire, pay, and support your team",Employee handbooks and HR policies,"Hiring: postings, offers, contracts, visas, onboarding; Compensation, payroll, and benefits",planning; startup; open,guide,False,,"Series introducing foundational HR policies, hiring, payroll, and employee support.",https://connected.wildflowerschools.org/series/4538694-series-human-resources-hr-getting-started
series,4542035,SERIES: Getting Paid By the Foundation,33,2024-02-16,"Hire, pay, and support your team","Compensation, payroll, and benefits",Working for the Foundation and internal process,planning; startup; open,guide,False,,Guide to compensation and payment processes for Teacher Leaders doing Foundation work.,https://connected.wildflowerschools.org/series/4542035-series-getting-paid-by-the-foundation
series,4581799,"SERIES: School Resources, Getting Started",446,2023-10-13,Understand Wildflower,Network membership and what the Foundation does,Board basics and recruiting members; Staffing plans and finding a co-teacher leader; Building and using your budget; Self-management learning series,open,guide,False,,"Series overview directing Teacher Leaders to operational resources across school governance, people, finance, and self-management.",https://connected.wildflowerschools.org/series/4581799-series-school-resources-getting-started
series,4676209,SERIES: Wildflower Network Policies,329,2025-08-05,Understand Wildflower,Network membership and what the Foundation does,"The advice process; Board policies (conflict of interest, nepotism, whistleblower, retention)",discovery; visioning; planning; startup; open,policy,False,,Explains how network-wide policies apply to member organizations and are created through the Advice Process.,https://connected.wildflowerschools.org/series/4676209-series-wildflower-network-policies
series,4529651,SERIES: Collected Perspectives from Wildflower Teacher Leaders on the Nine Principles,86,2022-02-22,Understand Wildflower,The principles and purpose,,discovery; visioning; planning; startup; open,example,False,,Collected teacher-leader perspectives explaining Wildflower’s nine principles.,https://connected.wildflowerschools.org/series/4529651-series-collected-perspectives-from-wildflower-teacher-leaders-on-the-nine-princi
series,4409942,The Wildflower Collection,83,2022-10-24,Understand Wildflower,The principles and purpose,"Liberation, equity, and anti-bias work",discovery; visioning; planning; startup; open,other,False,,"Collection about Wildflower’s purpose, community culture, and liberation.",https://connected.wildflowerschools.org/series/4409942-the-wildflower-collection
series,4601819,SERIES: School Startup Journey Series,499,2022-03-09,Understand Wildflower,How the School Startup Journey works,Network membership and what the Foundation does,discovery; visioning; planning; startup,guide,False,,Collection of phase-by-phase School Startup Journey guidance and planning tools.,https://connected.wildflowerschools.org/series/4601819-series-school-startup-journey-series
series,4631739,SERIE: Viaje de Inicio de una Escuela Wildflower ,52,2022-06-01,Understand Wildflower,How the School Startup Journey works,,discovery; visioning; planning; startup,guide,False,,"Colección de orientación paso a paso, álbumes y herramientas para el Viaje de Inicio de una Escuela Wildflower.",https://connected.wildflowerschools.org/series/4631739-serie-viaje-de-inicio-de-una-escuela-wildflower
series,4582908,"SERIES: SSJ Advice Giver Training: DC Hub, 2020",26,2022-02-22,Understand Wildflower,How the School Startup Journey works,The advice process; Network membership and what the Foundation does,discovery; visioning; planning,training,True,This is a dated 2020 training series and may not reflect current SSJ advice-giver guidance.,Training materials for preparing advice givers to support School Startup Journey advice sessions.,https://connected.wildflowerschools.org/series/4582908-series-ssj-advice-giver-training-dc-hub-2020
series,4506719,SERIES: Wildflower School Fireside Chats: A Space for Emerging Teacher Leaders,15,2022-02-22,Understand Wildflower,How the School Startup Journey works,Network membership and what the Foundation does,discovery; visioning; planning; startup; open,training,False,,Monthly training and connection series for emerging teacher leaders navigating the School Startup Journey and school operations.,https://connected.wildflowerschools.org/series/4506719-series-wildflower-school-fireside-chats-a-space-for-emerging-teacher-leaders
